Emoji,ASCII Code,Hex Color
😀,128512,#e6bd54
😃,128515,#e3b952
😄,128516,#e4bb54
😁,128513,#e5bf5d
😆,128518,#e4bb54
😅,128517,#d8ba60
🤣,129315,#dcbb5c
😂,128514,#d6bc65
🙂,128578,#f2c64f
🙃,128579,#f2c54e
🫠,129760,#f2c64f
😉,128521,#eec24e
😊,128522,#efbd4b
😇,128519,#d2b769
🥰,129392,#eeaa4e
😍,128525,#eca44b
🤩,129321,#deb561
😘,128536,#efb94d
😗,128535,#f3c64f
☺️,9786,#efbe4b
😚,128538,#efbe4d
😙,128537,#f1c24d
🥲,129394,#e6c75f
😋,128523,#f0c054
😛,128539,#eeba57
😜,128540,#e7b762
🤪,129322,#e1b56c
😝,128541,#ecb857
🤑,129297,#dcbf4b
🤗,129303,#f0ba54
🤭,129325,#eeba4c
🫢,129762,#efbb4c
🫣,129763,#e7be4f
🤫,129323,#f2bd4c
🤔,129300,#f1c550
🫡,129761,#edbe4e
🤐,129296,#e7c15c
🤨,129320,#edbe49
😐,128528,#f0c34e
😑,128529,#f1c44e
😶,128566,#f5c74f
🫥,129765,#e6cc9b
😶‍🌫️,128566,#e5d19f
😏,128527,#eec34e
😒,128530,#efc34e
🙄,128580,#e7c56c
😬,128556,#eac360
😮‍💨,128558,#dbcb95
🤥,129317,#edc04d
🫨,129768,#ecc667
🙂‍↔️,128578,#b8b288
🙂‍↕️,128578,#b8b188
😌,128524,#eec14d
😔,128532,#eec34e
😪,128554,#dec360
🤤,129316,#eac04e
😴,128564,#e4bd55
😷,128567,#e9c778
🤒,129298,#ecbd56
🤕,129301,#e3bf6b
🤢,129314,#9db532
🤮,129326,#b7bb45
🤧,129319,#eac868
🥵,129397,#e28b4f
🥶,129398,#79b2e5
🥴,129396,#ebba48
😵,128565,#e5b848
😵‍💫,128565,#ecc563
🤯,129327,#e4b464
🤠,129312,#bc984c
🥳,129395,#e1b661
🥸,129400,#c49c41
😎,128526,#c7a44d
🤓,129299,#d9b24f
🧐,129488,#eabf55
😕,128533,#f2c64f
🫤,129764,#efc04c
😟,128543,#eec04b
🙁,128577,#f1c44e
☹️,9785,#f1c54f
😮,128558,#f0c34d
😯,128559,#efc24d
😲,128562,#ebbf4d
😳,128563,#e2ba67
🥺,129402,#dcb552
🥹,129401,#dab456
😦,128550,#f0c34d
😧,128551,#edc04c
😨,128552,#c2ab78
😰,128560,#b9ae86
😥,128549,#e4c45c
😢,128546,#e4c35c
😭,128557,#cebb6e
😱,128561,#c3a978
😖,128534,#eec34f
😣,128547,#edc14e
😞,128542,#f2c64f
😓,128531,#ddc161
😩,128553,#e3b64a
😫,128555,#e2b549
🥱,129393,#e4b94b
😤,128548,#eac868
😡,128545,#ec893e
😠,128544,#efc34e
🤬,129324,#c58650
😈,128520,#9953a8
👿,128127,#9952a8
💀,128128,#bec1c2
☠️,9760,#bdbebf
💩,128169,#9b7962
🤡,129313,#d5a999
👹,128121,#a75549
👺,128122,#b65046
👻,128123,#bbb4b8
👽,128125,#8c9a9b
👾,128126,#625277
🤖,129302,#84a6a9
😺,128570,#c9aa58
😸,128568,#c7a856
😹,128569,#b8ae74
😻,128571,#d1974f
😼,128572,#cfad52
😽,128573,#d3aa52
🙀,128576,#d0b164
😿,128575,#c7b062
😾,128574,#cba951
🙈,128584,#c3a380
🙉,128585,#c1a582
🙊,128586,#c1a27c
💌,128140,#debbbb
💘,128152,#c96bb4
💝,128157,#eb9175
💖,128150,#ec6ba0
💗,128151,#ea95c2
💓,128147,#ef79be
💞,128158,#e964b2
💕,128149,#ec61b2
💟,128159,#aa5dc0
❣️,10083,#f3655b
💔,128148,#e86057
❤️‍🔥,10084,#f67852
❤️‍🩹,10084,#e78882
❤️,10084,#f1554b
🩷,129655,#e74fab
🧡,129505,#f49935
💛,128155,#f9cd5f
💚,128154,#61ce55
💙,128153,#3a85f6
🩵,129653,#7cd6f2
💜,128156,#bf63f4
🤎,129294,#996a49
🖤,128420,#4a4949
🩶,129654,#9c9c9c
🤍,129293,#e1e1e1
💋,128139,#e27676
💯,128175,#ed8886
💢,128162,#e76363
💥,128165,#f5a685
💫,128171,#f9de97
💦,128166,#7dd2f7
💨,128168,#c4d4e3
🕳️,128371,#565656
💬,128172,#e2e2e2
👁️‍🗨️,128065,#7a716b
🗨️,128488,#585858
🗯️,128495,#e9ebeb
💭,128173,#e3e4e5
💤,128164,#6f9bdd
👋,128075,#f1c969
👋🏻,128075,#f4d296
👋🏼,128075,#e8c485
👋🏽,128075,#dab173
👋🏾,128075,#c99f60
👋🏿,128075,#ad925f
🤚,129306,#f4c86b
🤚🏻,129306,#f5d39b
🤚🏼,129306,#e9c388
🤚🏽,129306,#d9af75
🤚🏾,129306,#c79b61
🤚🏿,129306,#a98d5f
🖐️,128400,#f8ce60
🖐🏻,128400,#f7d595
🖐🏼,128400,#ebc683
🖐🏽,128400,#dbb270
🖐🏾,128400,#ca9e5c
🖐🏿,128400,#ac905a
✋,9995,#f7cb5b
✋🏻,9995,#f7d494
✋🏼,9995,#eac582
✋🏽,9995,#dab06e
✋🏾,9995,#c99c5a
✋🏿,9995,#aa8e58
🖖,128406,#f6c858
🖖🏻,128406,#f6d393
🖖🏼,128406,#eac381
🖖🏽,128406,#daaf6d
🖖🏾,128406,#c89b59
🖖🏿,128406,#aa8c57
🫱,129777,#f3cd61
🫱🏻,129777,#f5d596
🫱🏼,129777,#e9c584
🫱🏽,129777,#d9b170
🫱🏾,129777,#c79d5c
🫱🏿,129777,#a98f5a
🫲,129778,#f1c95a
🫲🏻,129778,#f4d393
🫲🏼,129778,#e8c481
🫲🏽,129778,#d8af6d
🫲🏾,129778,#c69b59
🫲🏿,129778,#a88d57
🫳,129779,#ecc357
🫳🏻,129779,#f3d4a0
🫳🏼,129779,#e4c089
🫳🏽,129779,#d1a771
🫳🏾,129779,#bb8f58
🫳🏿,129779,#957d56
🫴,129780,#edc459
🫴🏻,129780,#f3d4a0
🫴🏼,129780,#e4c18a
🫴🏽,129780,#d1a872
🫴🏾,129780,#bb8f59
🫴🏿,129780,#957e56
🫷,129783,#eabc49
🫷🏻,129783,#f2d199
🫷🏼,129783,#e4be83
🫷🏽,129783,#d1a66c
🫷🏾,129783,#bc8e54
🫷🏿,129783,#977d51
🫸,129784,#eabc49
🫸🏻,129784,#f2d199
🫸🏼,129784,#e4be83
🫸🏽,129784,#d1a66c
🫸🏾,129784,#bc8e54
🫸🏿,129784,#977d51
👌,128076,#f5c95f
👌🏻,128076,#f6d499
👌🏼,128076,#e9c386
👌🏽,128076,#d8ad71
👌🏾,128076,#c5985b
👌🏿,128076,#a48959
🤌,129292,#f4c561
🤌🏻,129292,#f5d297
🤌🏼,129292,#e9c285
🤌🏽,129292,#d9ad71
🤌🏾,129292,#c7995c
🤌🏿,129292,#a88a5a
🤏,129295,#f0c158
🤏🏻,129295,#f4d29b
🤏🏼,129295,#e6c086
🤏🏽,129295,#d4a96f
🤏🏾,129295,#c09258
🤏🏿,129295,#9d8256
✌️,9996,#f3c558
✌🏻,9996,#f5d295
✌🏼,9996,#e8c282
✌🏽,9996,#d8ad6d
✌🏾,9996,#c59858
✌🏿,9996,#a58956
🤞,129310,#f3c453
🤞🏻,129310,#f5d295
🤞🏼,129310,#e8c181
🤞🏽,129310,#d7ab6c
🤞🏾,129310,#c49656
🤞🏿,129310,#a38754
🫰,129776,#f0c550
🫰🏻,129776,#f4d294
🫰🏼,129776,#e7c280
🫰🏽,129776,#d6ac6b
🫰🏾,129776,#c39655
🫰🏿,129776,#a28753
🤟,129311,#f7cd63
🤟🏻,129311,#f7d598
🤟🏼,129311,#eac586
🤟🏽,129311,#dab172
🤟🏾,129311,#c89c5d
🤟🏿,129311,#a98e5b
🤘,129304,#f4c657
🤘🏻,129304,#f5d295
🤘🏼,129304,#e9c282
🤘🏽,129304,#d8ad6d
🤘🏾,129304,#c59758
🤘🏿,129304,#a58856
🤙,129305,#f6c753
🤙🏻,129305,#f6d28f
🤙🏼,129305,#eac37d
🤙🏽,129305,#dbaf6a
🤙🏾,129305,#c99b56
🤙🏿,129305,#ab8e54
👈,128072,#f7ca59
👈🏻,128072,#f7d59c
👈🏼,128072,#e9c387
👈🏽,128072,#d6ac70
👈🏾,128072,#c29459
👈🏿,128072,#9e8456
👉,128073,#f7ca5a
👉🏻,128073,#f7d59c
👉🏼,128073,#e9c387
👉🏽,128073,#d6ac70
👉🏾,128073,#c29559
👉🏿,128073,#9f8457
👆,128070,#f5c657
👆🏻,128070,#f6d39b
👆🏼,128070,#e8c286
👆🏽,128070,#d6aa6f
👆🏾,128070,#c19458
👆🏿,128070,#9e8356
🖕,128405,#f5c75a
🖕🏻,128405,#f6d59e
🖕🏼,128405,#e7c289
🖕🏽,128405,#d4aa71
🖕🏾,128405,#bf9259
🖕🏿,128405,#9b8157
👇,128071,#f6c756
👇🏻,128071,#f6d49b
👇🏼,128071,#e8c286
👇🏽,128071,#d6ab6f
👇🏾,128071,#c19458
👇🏿,128071,#9e8356
☝️,9757,#f3c250
☝🏻,9757,#f5d195
☝🏼,9757,#e8c081
☝🏽,9757,#d6aa6c
☝🏾,9757,#c39455
☝🏿,9757,#a18553
🫵,129781,#e5b236
🫵🏻,129781,#edc67a
🫵🏼,129781,#e3b96a
🫵🏽,129781,#d5a759
🫵🏾,129781,#c59547
🫵🏿,129781,#aa8945
👍,128077,#f6c752
👍🏻,128077,#f6d28d
👍🏼,128077,#ebc37c
👍🏽,128077,#dbaf69
👍🏾,128077,#cb9c56
👍🏿,128077,#ad8f54
👎,128078,#f3c14b
👎🏻,128078,#f5cf89
👎🏼,128078,#e9c078
👎🏽,128078,#daad66
👎🏾,128078,#c99a53
👎🏿,128078,#ad8c51
✊,9994,#eeba44
✊🏻,9994,#f2cb82
✊🏼,9994,#e7bd72
✊🏽,9994,#d9aa60
✊🏾,9994,#c9994e
✊🏿,9994,#ae8c4d
👊,128074,#f1bd47
👊🏻,128074,#f4cd87
👊🏼,128074,#e8be76
👊🏽,128074,#d9ab64
👊🏾,128074,#c89851
👊🏿,128074,#ac8b4f
🤛,129307,#f1bf4c
🤛🏻,129307,#f4d090
🤛🏼,129307,#e7bf7d
🤛🏽,129307,#d7aa69
🤛🏾,129307,#c49554
🤛🏿,129307,#a48651
🤜,129308,#f0bd4a
🤜🏻,129308,#f4cf90
🤜🏼,129308,#e7bf7d
🤜🏽,129308,#d6a968
🤜🏾,129308,#c49453
🤜🏿,129308,#a48551
👏,128079,#eabe58
👏🏻,128079,#f1ce92
👏🏼,128079,#e5bf80
👏🏽,128079,#d5aa6d
👏🏾,128079,#c39759
👏🏿,128079,#a58857
🙌,128588,#eec769
🙌🏻,128588,#f3d39a
🙌🏼,128588,#e7c388
🙌🏽,128588,#d7ae74
🙌🏾,128588,#c59a60
🙌🏿,128588,#a68c5e
🫶,129782,#e9bc51
🫶🏻,129782,#f2d09a
🫶🏼,129782,#e4be85
🫶🏽,129782,#d1a76e
🫶🏾,129782,#bc8f56
🫶🏿,129782,#997f54
👐,128080,#f6cf70
👐🏻,128080,#f6d7a3
👐🏼,128080,#e9c58f
👐🏽,128080,#d6ae78
👐🏾,128080,#c29761
👐🏿,128080,#a0875f
🤲,129330,#f7ca4b
🤲🏻,129330,#f6d386
🤲🏼,129330,#ecc576
🤲🏽,129330,#ddb264
🤲🏾,129330,#cda152
🤲🏿,129330,#b29450
🤝,129309,#f0c24b
🤝🏻,129309,#f4d190
🤝🏼,129309,#e7c17d
🤝🏽,129309,#d6ab68
🤝🏾,129309,#c49653
🤝🏿,129309,#a48751
🫱🏻‍🫲🏼,129777,#f4d393
🫱🏻‍🫲🏽,129777,#f4d393
🫱🏻‍🫲🏾,129777,#f4d393
🫱🏻‍🫲🏿,129777,#f4d393
🫱🏼‍🫲🏻,129777,#e8c481
🫱🏼‍🫲🏽,129777,#e8c481
🫱🏼‍🫲🏾,129777,#e8c481
🫱🏼‍🫲🏿,129777,#e8c481
🫱🏽‍🫲🏻,129777,#d8af6d
🫱🏽‍🫲🏼,129777,#d8af6d
🫱🏽‍🫲🏾,129777,#d8af6d
🫱🏽‍🫲🏿,129777,#d8af6d
🫱🏾‍🫲🏻,129777,#c69b59
🫱🏾‍🫲🏼,129777,#c69b59
🫱🏾‍🫲🏽,129777,#c69b59
🫱🏾‍🫲🏿,129777,#c69b59
🫱🏿‍🫲🏻,129777,#a88d57
🫱🏿‍🫲🏼,129777,#a88d57
🫱🏿‍🫲🏽,129777,#a88d57
🫱🏿‍🫲🏾,129777,#a88d57
🙏,128591,#bbaa70
🙏🏻,128591,#dec79f
🙏🏼,128591,#d1b78c
🙏🏽,128591,#c1a177
🙏🏾,128591,#ae8c62
🙏🏿,128591,#8e7e60
✍️,9997,#cca047
✍🏻,9997,#e4c28c
✍🏼,9997,#d8b279
✍🏽,9997,#c89d66
✍🏾,9997,#b68951
✍🏿,9997,#977b4f
💅,128133,#e3ac78
💅🏻,128133,#eec7a1
💅🏼,128133,#e2b78f
💅🏽,128133,#d1a27b
💅🏾,128133,#bf8e66
💅🏿,128133,#a07f64
🤳,129331,#b0ac9b
🤳🏻,129331,#dfccb4
🤳🏼,129331,#d1b99e
🤳🏽,129331,#bea187
🤳🏾,129331,#a9896f
🤳🏿,129331,#84786c
💪,128170,#f1bf4b
💪🏻,128170,#f4cf8d
💪🏼,128170,#e8bf7b
💪🏽,128170,#d8ab67
💪🏾,128170,#c69653
💪🏿,128170,#a78851
🦾,129470,#7e7e7e
🦿,129471,#a1999a
🦵,129461,#ecc467
🦵🏻,129461,#f3d4a7
🦵🏼,129461,#e4c190
🦵🏽,129461,#d0a777
🦵🏾,129461,#b98d5d
🦵🏿,129461,#927b5a
🦶,129462,#ebb950
🦶🏻,129462,#f2ce96
🦶🏼,129462,#e4bd82
🦶🏽,129462,#d3a66c
🦶🏾,129462,#bf9056
🦶🏿,129462,#9e8153
👂,128066,#f5c750
👂🏻,128066,#f6d396
👂🏼,128066,#e8c282
👂🏽,128066,#d7ac6c
👂🏾,128066,#c39556
👂🏿,128066,#a18653
🦻,129467,#e2bb5b
🦻🏻,129467,#eece95
🦻🏼,129467,#e1be82
🦻🏽,129467,#d1a96e
🦻🏾,129467,#bf945a
🦻🏿,129467,#a08658
👃,128067,#f8ce55
👃🏻,128067,#f7d698
👃🏼,128067,#e9c584
👃🏽,128067,#d8ae6e
👃🏾,128067,#c49858
👃🏿,128067,#a28855
🧠,129504,#dc90a6
🫀,129728,#be697a
🫁,129729,#e58682
🦷,129463,#e0d8c9
🦴,129460,#cececf
👀,128064,#bcb2a6
👁️,128065,#9a897d
👅,128069,#c47682
👄,128068,#bb6579
🫦,129766,#c6697e
👶,128118,#e7b83d
👶🏻,128118,#eec97e
👶🏼,128118,#e4bc6e
👶🏽,128118,#d6aa5d
👶🏾,128118,#c6984b
👶🏿,128118,#ab8c49
🧒,129490,#e3b94f
🧒🏻,129490,#ecc984
🧒🏼,129490,#e2bc75
🧒🏽,129490,#d5ab64
🧒🏾,129490,#c69b54
🧒🏿,129490,#ad8f52
👦,128102,#eabc46
👦🏻,128102,#f0cb80
👦🏼,128102,#e6be71
👦🏽,128102,#d8ad60
👦🏾,128102,#c99c4f
👦🏿,128102,#af904d
👧,128103,#e9bd4a
👧🏻,128103,#f0cb82
👧🏼,128103,#e5be73
👧🏽,128103,#d8ad62
👧🏾,128103,#c99c51
👧🏿,128103,#af904f
🧑,129489,#e5ba50
🧑🏻,129489,#eecb88
🧑🏼,129489,#e3bd78
🧑🏽,129489,#d5ab66
🧑🏾,129489,#c59954
🧑🏿,129489,#aa8c53
👱,128113,#e0bc5a
👱🏻,128113,#ebcc8d
👱🏼,128113,#e0be7d
👱🏽,128113,#d2ac6c
👱🏾,128113,#c29a5a
👱🏿,128113,#a78d58
👨,128104,#e7b944
👨🏻,128104,#efca82
👨🏼,128104,#e4bc72
👨🏽,128104,#d6aa60
👨🏾,128104,#c6994f
👨🏿,128104,#ab8c4d
🧔,129492,#dcaf49
🧔🏻,129492,#e9c585
🧔🏼,129492,#deb775
🧔🏽,129492,#d0a563
🧔🏾,129492,#c09351
🧔🏿,129492,#a5864f
🧔‍♂️,129492,#dcaf49
🧔🏻‍♂️,129492,#eecd9a
🧔🏼‍♂️,129492,#e0bb84
🧔🏽‍♂️,129492,#cca26c
🧔🏾‍♂️,129492,#b78a54
🧔🏿‍♂️,129492,#937952
🧔‍♀️,129492,#dcaf49
🧔🏻‍♀️,129492,#eecd9a
🧔🏼‍♀️,129492,#e0bb84
🧔🏽‍♀️,129492,#cca26c
🧔🏾‍♀️,129492,#b78a54
🧔🏿‍♀️,129492,#937952
👨‍🦰,128104,#e8af3b
👨🏻‍🦰,128104,#f0c57a
👨🏼‍🦰,128104,#e6b86b
👨🏽‍🦰,128104,#d9a75a
👨🏾‍🦰,128104,#ca9649
👨🏿‍🦰,128104,#b08a47
👨‍🦱,128104,#e7b53b
👨🏻‍🦱,128104,#efc879
👨🏼‍🦱,128104,#e5bb6a
👨🏽‍🦱,128104,#d7aa59
👨🏾‍🦱,128104,#c89948
👨🏿‍🦱,128104,#af8d46
👨‍🦳,128104,#ecc96f
👨🏻‍🦳,128104,#f2d49a
👨🏼‍🦳,128104,#e8c78b
👨🏽‍🦳,128104,#dbb67a
👨🏾‍🦳,128104,#cca569
👨🏿‍🦳,128104,#b29967
👨‍🦲,128104,#efc44d
👨🏻‍🦲,128104,#f4d287
👨🏼‍🦲,128104,#e9c478
👨🏽‍🦲,128104,#dcb367
👨🏾‍🦲,128104,#cca155
👨🏿‍🦲,128104,#b29553
👩,128105,#deb045
👩🏻,128105,#e9c37c
👩🏼,128105,#dfb76d
👩🏽,128105,#d3a75e
👩🏾,128105,#c5974e
👩🏿,128105,#ad8c4c
👩‍🦰,128105,#e3ab3d
👩🏻‍🦰,128105,#eec378
👩🏼‍🦰,128105,#e5b76a
👩🏽‍🦰,128105,#d8a65a
👩🏾‍🦰,128105,#ca964a
👩🏿‍🦰,128105,#b28b49
🧑‍🦰,129489,#e8af41
🧑🏻‍🦰,129489,#f0c67d
🧑🏼‍🦰,129489,#e6b96e
🧑🏽‍🦰,129489,#d9a75d
🧑🏾‍🦰,129489,#ca974c
🧑🏿‍🦰,129489,#b08b4b
👩‍🦱,128105,#e1b03c
👩🏻‍🦱,128105,#edc677
👩🏼‍🦱,128105,#e3b969
👩🏽‍🦱,128105,#d7a959
👩🏾‍🦱,128105,#c89949
👩🏿‍🦱,128105,#b08e47
🧑‍🦱,129489,#e6b641
🧑🏻‍🦱,129489,#efc97c
🧑🏼‍🦱,129489,#e5bc6d
🧑🏽‍🦱,129489,#d7aa5c
🧑🏾‍🦱,129489,#c8994b
🧑🏿‍🦱,129489,#ae8d49
👩‍🦳,128105,#e6c26b
👩🏻‍🦳,128105,#f0d197
👩🏼‍🦳,128105,#e6c588
👩🏽‍🦳,128105,#dab478
👩🏾‍🦳,128105,#cca468
👩🏿‍🦳,128105,#b39967
🧑‍🦳,129489,#ebca75
🧑🏻‍🦳,129489,#f2d59d
🧑🏼‍🦳,129489,#e8c78e
🧑🏽‍🦳,129489,#dbb67d
🧑🏾‍🦳,129489,#cca56c
🧑🏿‍🦳,129489,#b2996b
👩‍🦲,128105,#e8bd4d
👩🏻‍🦲,128105,#f1ce85
👩🏼‍🦲,128105,#e7c276
👩🏽‍🦲,128105,#dab166
👩🏾‍🦲,128105,#cca156
👩🏿‍🦲,128105,#b39554
🧑‍🦲,129489,#eec554
🧑🏻‍🦲,129489,#f4d28b
🧑🏼‍🦲,129489,#e9c57b
🧑🏽‍🦲,129489,#dbb36a
🧑🏾‍🦲,129489,#cca258
🧑🏿‍🦲,129489,#b29557
👱‍♀️,128113,#e0bc5a
👱🏻‍♀️,128113,#efd19f
👱🏼‍♀️,128113,#e0bf89
👱🏽‍♀️,128113,#cda772
👱🏾‍♀️,128113,#b98f5a
👱🏿‍♀️,128113,#957e58
👱‍♂️,128113,#e0bc5a
👱🏻‍♂️,128113,#efd19f
👱🏼‍♂️,128113,#e0bf89
👱🏽‍♂️,128113,#cda772
👱🏾‍♂️,128113,#b98f5a
👱🏿‍♂️,128113,#957e58
🧓,129491,#e3b949
🧓🏻,129491,#ecc982
🧓🏼,129491,#e2bc73
🧓🏽,129491,#d4aa62
🧓🏾,129491,#c59951
🧓🏿,129491,#ab8d4f
👴,128116,#eabb40
👴🏻,128116,#f0cb7e
👴🏼,128116,#e5bd6e
👴🏽,128116,#d8ac5e
👴🏾,128116,#c99b4c
👴🏿,128116,#ae8e4b
👵,128117,#e3b647
👵🏻,128117,#ecc882
👵🏼,128117,#e2bb72
👵🏽,128117,#d4a961
👵🏾,128117,#c59850
👵🏿,128117,#aa8c4e
🙍,128589,#ddbe73
🙍🏻,128589,#ebcf9e
🙍🏼,128589,#dfbf8c
🙍🏽,128589,#cfab78
🙍🏾,128589,#bd9764
🙍🏿,128589,#9f8862
🙍‍♂️,128589,#ddbe73
🙍🏻‍♂️,128589,#efd3aa
🙍🏼‍♂️,128589,#e0bf93
🙍🏽‍♂️,128589,#cca67a
🙍🏾‍♂️,128589,#b58c60
🙍🏿‍♂️,128589,#8f7a5e
🙍‍♀️,128589,#ddbe73
🙍🏻‍♀️,128589,#efd3aa
🙍🏼‍♀️,128589,#e0bf93
🙍🏽‍♀️,128589,#cca67a
🙍🏾‍♀️,128589,#b58c60
🙍🏿‍♀️,128589,#8f7a5e
🙎,128590,#debf72
🙎🏻,128590,#ebcf9e
🙎🏼,128590,#dfbf8c
🙎🏽,128590,#cfab78
🙎🏾,128590,#be9764
🙎🏿,128590,#9f8962
🙎‍♂️,128590,#debf72
🙎🏻‍♂️,128590,#efd3a9
🙎🏼‍♂️,128590,#e0bf92
🙎🏽‍♂️,128590,#cca67a
🙎🏾‍♂️,128590,#b68c60
🙎🏿‍♂️,128590,#8f7a5e
🙎‍♀️,128590,#debf72
🙎🏻‍♀️,128590,#efd3a9
🙎🏼‍♀️,128590,#e0bf92
🙎🏽‍♀️,128590,#cca67a
🙎🏾‍♀️,128590,#b68c60
🙎🏿‍♀️,128590,#8f7a5e
🙅,128581,#c8b380
🙅🏻,128581,#dfc7a1
🙅🏼,128581,#d4b990
🙅🏽,128581,#c6a77e
🙅🏾,128581,#b6956c
🙅🏿,128581,#9a886a
🙅‍♂️,128581,#c8b380
🙅🏻‍♂️,128581,#e7ceab
🙅🏼‍♂️,128581,#d9bc96
🙅🏽‍♂️,128581,#c6a47e
🙅🏾‍♂️,128581,#b18c67
🙅🏿‍♂️,128581,#8c7b64
🙅‍♀️,128581,#c8b380
🙅🏻‍♀️,128581,#e7ceab
🙅🏼‍♀️,128581,#d9bc96
🙅🏽‍♀️,128581,#c6a47e
🙅🏾‍♀️,128581,#b18c67
🙅🏿‍♀️,128581,#8c7b64
🙆,128582,#b8a77c
🙆🏻,128582,#d4be9b
🙆🏼,128582,#cbb28c
🙆🏽,128582,#bea17c
🙆🏾,128582,#b0916c
🙆🏿,128582,#97866a
🙆‍♂️,128582,#b8a77c
🙆🏻‍♂️,128582,#dfc8a7
🙆🏼‍♂️,128582,#d2b792
🙆🏽‍♂️,128582,#c0a07d
🙆🏾‍♂️,128582,#ad8a66
🙆🏿‍♂️,128582,#8b7a64
🙆‍♀️,128582,#b8a77c
🙆🏻‍♀️,128582,#dfc8a7
🙆🏼‍♀️,128582,#d2b792
🙆🏽‍♀️,128582,#c0a07d
🙆🏾‍♀️,128582,#ad8a66
🙆🏿‍♀️,128582,#8b7a64
💁,128129,#d1b87a
💁🏻,128129,#e4ca9e
💁🏼,128129,#d9bc8d
💁🏽,128129,#caa97b
💁🏾,128129,#ba9769
💁🏿,128129,#9e8a67
💁‍♂️,128129,#d1b87a
💁🏻‍♂️,128129,#ebd2b0
💁🏼‍♂️,128129,#dbbd98
💁🏽‍♂️,128129,#c6a37e
💁🏾‍♂️,128129,#af8964
💁🏿‍♂️,128129,#877661
💁‍♀️,128129,#d1b87a
💁🏻‍♀️,128129,#ebd2b0
💁🏼‍♀️,128129,#dbbd98
💁🏽‍♀️,128129,#c6a37e
💁🏾‍♀️,128129,#af8964
💁🏿‍♀️,128129,#877661
🙋,128587,#d0b572
🙋🏻,128587,#e4c89a
🙋🏼,128587,#d9ba89
🙋🏽,128587,#caa877
🙋🏾,128587,#ba9665
🙋🏿,128587,#9e8963
🙋‍♂️,128587,#d0b572
🙋🏻‍♂️,128587,#efd2a6
🙋🏼‍♂️,128587,#e0be8f
🙋🏽‍♂️,128587,#cca476
🙋🏾‍♂️,128587,#b58b5c
🙋🏿‍♂️,128587,#8f795a
🙋‍♀️,128587,#d0b572
🙋🏻‍♀️,128587,#efd2a6
🙋🏼‍♀️,128587,#e0be8f
🙋🏽‍♀️,128587,#cca476
🙋🏾‍♀️,128587,#b58b5c
🙋🏿‍♀️,128587,#8f795a
🧏,129487,#cdaa54
🧏🏻,129487,#e3c48d
🧏🏼,129487,#d8b57c
🧏🏽,129487,#c9a269
🧏🏾,129487,#b89056
🧏🏿,129487,#9c8255
🧏‍♂️,129487,#cdaa54
🧏🏻‍♂️,129487,#e3c48f
🧏🏼‍♂️,129487,#d7b47c
🧏🏽‍♂️,129487,#c69f68
🧏🏾‍♂️,129487,#b48a53
🧏🏿‍♂️,129487,#947b51
🧏‍♀️,129487,#cdaa54
🧏🏻‍♀️,129487,#e3c48f
🧏🏼‍♀️,129487,#d7b47c
🧏🏽‍♀️,129487,#c69f68
🧏🏾‍♀️,129487,#b48a53
🧏🏿‍♀️,129487,#947b51
🙇,128583,#c3a868
🙇🏻,128583,#dec396
🙇🏼,128583,#d2b485
🙇🏽,128583,#c4a273
🙇🏾,128583,#b38f60
🙇🏿,128583,#97825e
🙇‍♂️,128583,#c3a868
🙇🏻‍♂️,128583,#e6cba5
🙇🏼‍♂️,128583,#d7b88f
🙇🏽‍♂️,128583,#c49f76
🙇🏾‍♂️,128583,#ae875e
🙇🏿‍♂️,128583,#89765b
🙇‍♀️,128583,#c3a868
🙇🏻‍♀️,128583,#e6cba5
🙇🏼‍♀️,128583,#d7b88f
🙇🏽‍♀️,128583,#c49f76
🙇🏾‍♀️,128583,#ae875e
🙇🏿‍♀️,128583,#89765b
🤦,129318,#dbba62
🤦🏻,129318,#e9cb92
🤦🏼,129318,#debd81
🤦🏽,129318,#cfab70
🤦🏾,129318,#bf985d
🤦🏿,129318,#a48c5c
🤦‍♂️,129318,#dbba62
🤦🏻‍♂️,129318,#ecd0a2
🤦🏼‍♂️,129318,#debd8c
🤦🏽‍♂️,129318,#cba575
🤦🏾‍♂️,129318,#b68d5d
🤦🏿‍♂️,129318,#917c5a
🤦‍♀️,129318,#dbba62
🤦🏻‍♀️,129318,#ecd0a2
🤦🏼‍♀️,129318,#debd8c
🤦🏽‍♀️,129318,#cba575
🤦🏾‍♀️,129318,#b68d5d
🤦🏿‍♀️,129318,#917c5a
🤷,129335,#c5b68f
🤷🏻,129335,#e1cbaa
🤷🏼,129335,#d5bb98
🤷🏽,129335,#c5a785
🤷🏾,129335,#b39371
🤷🏿,129335,#95856f
🤷‍♂️,129335,#c5b68f
🤷🏻‍♂️,129335,#e4ccae
🤷🏼‍♂️,129335,#d4b897
🤷🏽‍♂️,129335,#c09e7e
🤷🏾‍♂️,129335,#a98464
🤷🏿‍♂️,129335,#827261
🤷‍♀️,129335,#c5b68f
🤷🏻‍♀️,129335,#e4ccae
🤷🏼‍♀️,129335,#d4b897
🤷🏽‍♀️,129335,#c09e7e
🤷🏾‍♀️,129335,#a98464
🤷🏿‍♀️,129335,#827261
🧑‍⚕️,129489,#e5ba50
🧑🏻‍⚕️,129489,#f1d09a
🧑🏼‍⚕️,129489,#e2be85
🧑🏽‍⚕️,129489,#cfa66e
🧑🏾‍⚕️,129489,#bb8e56
🧑🏿‍⚕️,129489,#977d53
👨‍⚕️,128104,#e7b944
👨🏻‍⚕️,128104,#f1cf96
👨🏼‍⚕️,128104,#e3bd80
👨🏽‍⚕️,128104,#d0a569
👨🏾‍⚕️,128104,#bb8d51
👨🏿‍⚕️,128104,#977d4f
👩‍⚕️,128105,#deb045
👩🏻‍⚕️,128105,#eecb91
👩🏼‍⚕️,128105,#e1bb7e
👩🏽‍⚕️,128105,#cfa468
👩🏾‍⚕️,128105,#bc8f52
👩🏿‍⚕️,128105,#9b7f50
🧑‍🎓,129489,#aa8f4f
🧑🏻‍🎓,129489,#d4b88a
🧑🏼‍🎓,129489,#c9aa7a
🧑🏽‍🎓,129489,#bb9768
🧑🏾‍🎓,129489,#aa8555
🧑🏿‍🎓,129489,#8e7853
👨‍🎓,128104,#ac8f49
👨🏻‍🎓,128104,#d5b887
👨🏼‍🎓,128104,#c9aa76
👨🏽‍🎓,128104,#bb9764
👨🏾‍🎓,128104,#ab8552
👨🏿‍🎓,128104,#8f7750
👩‍🎓,128105,#ad8e49
👩🏻‍🎓,128105,#d4b684
👩🏼‍🎓,128105,#c9a975
👩🏽‍🎓,128105,#bc9764
👩🏾‍🎓,128105,#ac8652
👩🏿‍🎓,128105,#927a51
🧑‍🏫,129489,#d2b675
🧑🏻‍🏫,129489,#e6cb9d
🧑🏼‍🏫,129489,#dbbd8c
🧑🏽‍🏫,129489,#cdab7b
🧑🏾‍🏫,129489,#be9a69
🧑🏿‍🏫,129489,#a38d67
👨‍🏫,128104,#d3b66f
👨🏻‍🏫,128104,#e6cb99
👨🏼‍🏫,128104,#dcbd89
👨🏽‍🏫,128104,#ceab78
👨🏾‍🏫,128104,#be9966
👨🏿‍🏫,128104,#a38d64
👩‍🏫,128105,#d0b16b
👩🏻‍🏫,128105,#e5c896
👩🏼‍🏫,128105,#dbbb86
👩🏽‍🏫,128105,#cdaa76
👩🏾‍🏫,128105,#bf9965
👩🏿‍🏫,128105,#a58e64
🧑‍⚖️,129489,#d9c181
🧑🏻‍⚖️,129489,#eacfa4
🧑🏼‍⚖️,129489,#dec092
🧑🏽‍⚖️,129489,#ceac7f
🧑🏾‍⚖️,129489,#bd996b
🧑🏿‍⚖️,129489,#9f8b69
👨‍⚖️,128104,#dac07a
👨🏻‍⚖️,128104,#eacfa0
👨🏼‍⚖️,128104,#dec08e
👨🏽‍⚖️,128104,#ceac7b
👨🏾‍⚖️,128104,#bd9867
👨🏿‍⚖️,128104,#9f8a65
👩‍⚖️,128105,#d6b973
👩🏻‍⚖️,128105,#e8cb9c
👩🏼‍⚖️,128105,#ddbd8b
👩🏽‍⚖️,128105,#ceab79
👩🏾‍⚖️,128105,#be9867
👩🏿‍⚖️,128105,#a28c65
🧑‍🌾,129489,#dfc26b
🧑🏻‍🌾,129489,#e8d19b
🧑🏼‍🌾,129489,#ddc28a
🧑🏽‍🌾,129489,#cdae77
🧑🏾‍🌾,129489,#bc9b63
🧑🏿‍🌾,129489,#9f8d61
👨‍🌾,128104,#e0c264
👨🏻‍🌾,128104,#e9d097
👨🏼‍🌾,128104,#ddc186
👨🏽‍🌾,128104,#cdad73
👨🏾‍🌾,128104,#bc9a5f
👨🏿‍🌾,128104,#9f8c5d
👩‍🌾,128105,#dbba60
👩🏻‍🌾,128105,#e7cd94
👩🏼‍🌾,128105,#dcbf83
👩🏽‍🌾,128105,#cdac71
👩🏾‍🌾,128105,#bd9a5f
👩🏿‍🌾,128105,#a28d5d
🧑‍🍳,129489,#b79e5e
🧑🏻‍🍳,129489,#d4ba8d
🧑🏼‍🍳,129489,#caac7d
🧑🏽‍🍳,129489,#bc9a6b
🧑🏾‍🍳,129489,#ac8859
🧑🏿‍🍳,129489,#917c58
👨‍🍳,128104,#b99d58
👨🏻‍🍳,128104,#d5b989
👨🏼‍🍳,128104,#caab79
👨🏽‍🍳,128104,#bc9968
👨🏾‍🍳,128104,#ac8856
👨🏿‍🍳,128104,#917b54
👩‍🍳,128105,#b99b56
👩🏻‍🍳,128105,#d4b787
👩🏼‍🍳,128105,#caab78
👩🏽‍🍳,128105,#bd9a67
👩🏾‍🍳,128105,#ae8957
👩🏿‍🍳,128105,#957d55
🧑‍🔧,129489,#d4b56b
🧑🏻‍🔧,129489,#e8cc9e
🧑🏼‍🔧,129489,#dcbc8b
🧑🏽‍🔧,129489,#cba777
🧑🏾‍🔧,129489,#b99262
🧑🏿‍🔧,129489,#998460
👨‍🔧,128104,#d5b562
👨🏻‍🔧,128104,#e9cc9a
👨🏼‍🔧,128104,#dcbc87
👨🏽‍🔧,128104,#cca773
👨🏾‍🔧,128104,#b9925e
👨🏿‍🔧,128104,#9a835c
👩‍🔧,128105,#d1ae5f
👩🏻‍🔧,128105,#e6c996
👩🏼‍🔧,128105,#dbba85
👩🏽‍🔧,128105,#cba672
👩🏾‍🔧,128105,#ba935e
👩🏿‍🔧,128105,#9d855c
🧑‍🏭,129489,#cda76d
🧑🏻‍🏭,129489,#e0c297
🧑🏼‍🏭,129489,#d5b587
🧑🏽‍🏭,129489,#c8a477
🧑🏾‍🏭,129489,#b99366
🧑🏿‍🏭,129489,#9f8764
👨‍🏭,128104,#cea767
👨🏻‍🏭,128104,#e0c293
👨🏼‍🏭,128104,#d6b584
👨🏽‍🏭,128104,#c8a373
👨🏾‍🏭,128104,#b99262
👨🏿‍🏭,128104,#a08661
👩‍🏭,128105,#cca464
👩🏻‍🏭,128105,#dfc090
👩🏼‍🏭,128105,#d5b382
👩🏽‍🏭,128105,#c8a372
👩🏾‍🏭,128105,#ba9362
👩🏿‍🏭,128105,#a28861
🧑‍💼,129489,#b3925a
🧑🏻‍💼,129489,#d3b58b
🧑🏼‍💼,129489,#c9a87b
🧑🏽‍💼,129489,#bb976a
🧑🏾‍💼,129489,#ac8659
🧑🏿‍💼,129489,#927a58
👨‍💼,128104,#b49254
👨🏻‍💼,128104,#d3b587
👨🏼‍💼,128104,#c9a778
👨🏽‍💼,128104,#bc9667
👨🏾‍💼,128104,#ad8556
👨🏿‍💼,128104,#937954
👩‍💼,128105,#b49153
👩🏻‍💼,128105,#d3b385
👩🏼‍💼,128105,#c9a776
👩🏽‍💼,128105,#bc9667
👩🏾‍💼,128105,#ae8757
👩🏿‍💼,128105,#967b55
🧑‍🔬,129489,#c7b276
🧑🏻‍🔬,129489,#e2ca9f
🧑🏼‍🔬,129489,#d7bb8d
🧑🏽‍🔬,129489,#c7a77a
🧑🏾‍🔬,129489,#b69467
🧑🏿‍🔬,129489,#988665
👨‍🔬,128104,#c9b26f
👨🏻‍🔬,128104,#e3c99b
👨🏼‍🔬,128104,#d7ba8a
👨🏽‍🔬,128104,#c8a777
👨🏾‍🔬,128104,#b69363
👨🏿‍🔬,128104,#998561
👩‍🔬,128105,#c7ad6a
👩🏻‍🔬,128105,#e1c697
👩🏼‍🔬,128105,#d6b887
👩🏽‍🔬,128105,#c8a675
👩🏾‍🔬,128105,#b89463
👩🏿‍🔬,128105,#9c8761
🧑‍💻,129489,#978457
🧑🏻‍💻,129489,#c1ab86
🧑🏼‍💻,129489,#b79e77
🧑🏽‍💻,129489,#aa8d67
🧑🏾‍💻,129489,#9c7d56
🧑🏿‍💻,129489,#837155
👨‍💻,128104,#988452
👨🏻‍💻,128104,#c1aa82
👨🏼‍💻,128104,#b79d74
👨🏽‍💻,128104,#aa8d64
👨🏾‍💻,128104,#9c7d53
👨🏿‍💻,128104,#837151
👩‍💻,128105,#9b8551
👩🏻‍💻,128105,#c2a980
👩🏼‍💻,128105,#b89d72
👩🏽‍💻,128105,#ac8e63
👩🏾‍💻,128105,#9e7e54
👩🏿‍💻,128105,#877352
🧑‍🎤,129489,#bfa462
🧑🏻‍🎤,129489,#ddc194
🧑🏼‍🎤,129489,#d1b281
🧑🏽‍🎤,129489,#c19d6e
🧑🏾‍🎤,129489,#af8959
🧑🏿‍🎤,129489,#907b57
👨‍🎤,128104,#c0a35a
👨🏻‍🎤,128104,#ddc190
👨🏼‍🎤,128104,#d1b17d
👨🏽‍🎤,128104,#c19d6a
👨🏾‍🎤,128104,#af8956
👨🏿‍🎤,128104,#917a53
👩‍🎤,128105,#bfa058
👩🏻‍🎤,128105,#dcbe8c
👩🏼‍🎤,128105,#d0b07b
👩🏽‍🎤,128105,#c29d69
👩🏾‍🎤,128105,#b18a56
👩🏿‍🎤,128105,#947d54
🧑‍🎨,129489,#d6af58
🧑🏻‍🎨,129489,#e2c48e
🧑🏼‍🎨,129489,#d7b57d
🧑🏽‍🎨,129489,#c8a36b
🧑🏾‍🎨,129489,#b89159
🧑🏿‍🎨,129489,#9d8457
👨‍🎨,128104,#d7ae52
👨🏻‍🎨,128104,#e2c38a
👨🏼‍🎨,128104,#d7b57a
👨🏽‍🎨,128104,#c9a268
👨🏾‍🎨,128104,#b99056
👨🏿‍🎨,128104,#9d8354
👩‍🎨,128105,#d3aa50
👩🏻‍🎨,128105,#e1c188
👩🏼‍🎨,128105,#d6b378
👩🏽‍🎨,128105,#c9a267
👩🏾‍🎨,128105,#ba9156
👩🏿‍🎨,128105,#a08554
🧑‍✈️,129489,#c1bc8b
🧑🏻‍✈️,129489,#dccca6
🧑🏼‍✈️,129489,#d0be95
🧑🏽‍✈️,129489,#c2aa83
🧑🏾‍✈️,129489,#b19870
🧑🏿‍✈️,129489,#948a6e
👨‍✈️,128104,#c2bb85
👨🏻‍✈️,128104,#dccba2
👨🏼‍✈️,128104,#d1bd91
👨🏽‍✈️,128104,#c2aa7f
👨🏾‍✈️,128104,#b1976c
👨🏿‍✈️,128104,#958a6a
👩‍✈️,128105,#c1b67d
👩🏻‍✈️,128105,#dbc99e
👩🏼‍✈️,128105,#d0bb8e
👩🏽‍✈️,128105,#c2a97d
👩🏾‍✈️,128105,#b3986b
👩🏿‍✈️,128105,#988b6a
🧑‍🚀,129489,#cea462
🧑🏻‍🚀,129489,#e8c390
🧑🏼‍🚀,129489,#ddb47f
🧑🏽‍🚀,129489,#cda16d
🧑🏾‍🚀,129489,#bd8e5a
🧑🏿‍🚀,129489,#a08058
👨‍🚀,128104,#cfa45b
👨🏻‍🚀,128104,#e8c28d
👨🏼‍🚀,128104,#ddb47c
👨🏽‍🚀,128104,#cea069
👨🏾‍🚀,128104,#bd8d56
👨🏿‍🚀,128104,#a08054
👩‍🚀,128105,#cca159
👩🏻‍🚀,128105,#e6c08a
👩🏼‍🚀,128105,#dcb27a
👩🏽‍🚀,128105,#cda068
👩🏾‍🚀,128105,#be8e57
👩🏿‍🚀,128105,#a38255
🧑‍🚒,129489,#d38d5c
🧑🏻‍🚒,129489,#deba93
🧑🏼‍🚒,129489,#d3ac83
🧑🏽‍🚒,129489,#c59b72
🧑🏾‍🚒,129489,#b68960
🧑🏿‍🚒,129489,#9b7d5e
👨‍🚒,128104,#d48d57
👨🏻‍🚒,128104,#deb98f
👨🏼‍🚒,128104,#d3ac7f
👨🏽‍🚒,128104,#c59a6e
👨🏾‍🚒,128104,#b6895d
👨🏿‍🚒,128104,#9b7c5b
👩‍🚒,128105,#d18d55
👩🏻‍🚒,128105,#dcb88c
👩🏼‍🚒,128105,#d3ab7d
👩🏽‍🚒,128105,#c69a6d
👩🏾‍🚒,128105,#b78a5d
👩🏿‍🚒,128105,#9e7e5b
👮,128110,#8a8969
👮🏻,128110,#c5b698
👮🏼,128110,#b9a787
👮🏽,128110,#aa9374
👮🏾,128110,#998060
👮🏿,128110,#7b725e
👮‍♂️,128110,#8a8969
👮🏻‍♂️,128110,#d5c1a2
👮🏼‍♂️,128110,#c6ae8c
👮🏽‍♂️,128110,#b39574
👮🏾‍♂️,128110,#9d7d5b
👮🏿‍♂️,128110,#786b59
👮‍♀️,128110,#8a8969
👮🏻‍♀️,128110,#d5c1a2
👮🏼‍♀️,128110,#c6ae8c
👮🏽‍♀️,128110,#b39574
👮🏾‍♀️,128110,#9d7d5b
👮🏿‍♀️,128110,#786b59
🕵️,128373,#a08f65
🕵🏻,128373,#ccb694
🕵🏼,128373,#c1a883
🕵🏽,128373,#b39571
🕵🏾,128373,#a3835f
🕵🏿,128373,#87765d
🕵️‍♂️,128373,#a08f65
🕵🏻‍♂️,128373,#d9c2a2
🕵🏼‍♂️,128373,#cbb08d
🕵🏽‍♂️,128373,#b89877
🕵🏾‍♂️,128373,#a4815f
🕵🏿‍♂️,128373,#80715d
🕵️‍♀️,128373,#a08f65
🕵🏻‍♀️,128373,#d9c2a2
🕵🏼‍♀️,128373,#cbb08d
🕵🏽‍♀️,128373,#b89877
🕵🏾‍♀️,128373,#a4815f
🕵🏿‍♀️,128373,#80715d
💂,128130,#675845
💂🏻,128130,#b7a18a
💂🏼,128130,#ab9277
💂🏽,128130,#9b7d64
💂🏾,128130,#896a50
💂🏿,128130,#6b5b4e
💂‍♂️,128130,#675845
💂🏻‍♂️,128130,#cab39a
💂🏼‍♂️,128130,#bba083
💂🏽‍♂️,128130,#a8876b
💂🏾‍♂️,128130,#926e53
💂🏿‍♂️,128130,#6d5d50
💂‍♀️,128130,#675845
💂🏻‍♀️,128130,#cab39a
💂🏼‍♀️,128130,#bba083
💂🏽‍♀️,128130,#a8876b
💂🏾‍♀️,128130,#926e53
💂🏿‍♀️,128130,#6d5d50
🥷,129399,#52514c
🥷🏻,129399,#a69887
🥷🏼,129399,#9b8a77
🥷🏽,129399,#8c7765
🥷🏾,129399,#7c6553
🥷🏿,129399,#615851
👷,128119,#d9b95f
👷🏻,128119,#e9cc95
👷🏼,128119,#ddbd83
👷🏽,128119,#cda970
👷🏾,128119,#bc955c
👷🏿,128119,#9e875a
👷‍♂️,128119,#d9b95f
👷🏻‍♂️,128119,#edd1a3
👷🏼‍♂️,128119,#debd8c
👷🏽‍♂️,128119,#caa474
👷🏾‍♂️,128119,#b48b5b
👷🏿‍♂️,128119,#8e7958
👷‍♀️,128119,#d9b95f
👷🏻‍♀️,128119,#edd1a3
👷🏼‍♀️,128119,#debd8c
👷🏽‍♀️,128119,#caa474
👷🏾‍♀️,128119,#b48b5b
👷🏿‍♀️,128119,#8e7958
🫅,129733,#dcb248
🫅🏻,129733,#ebca8d
🫅🏼,129733,#dfba7a
🫅🏽,129733,#cfa566
🫅🏾,129733,#bd9152
🫅🏿,129733,#9e8250
🤴,129332,#debc58
🤴🏻,129332,#ecce93
🤴🏼,129332,#dfbe81
🤴🏽,129332,#cfaa6d
🤴🏾,129332,#be9659
🤴🏿,129332,#9f8757
👸,128120,#d7a940
👸🏻,128120,#e8c484
👸🏼,128120,#dcb573
👸🏽,128120,#cda260
👸🏾,128120,#bc8f4d
👸🏿,128120,#a0814b
👳,128115,#d4bd81
👳🏻,128115,#e6cda1
👳🏼,128115,#dbbe91
👳🏽,128115,#ccac7f
👳🏾,128115,#bc996c
👳🏿,128115,#a08c6b
👳‍♂️,128115,#d4bd81
👳🏻‍♂️,128115,#ead1ab
👳🏼‍♂️,128115,#dcbe95
👳🏽‍♂️,128115,#c9a67e
👳🏾‍♂️,128115,#b48f66
👳🏿‍♂️,128115,#917e64
👳‍♀️,128115,#d4bd81
👳🏻‍♀️,128115,#ead1ab
👳🏼‍♀️,128115,#dcbe95
👳🏽‍♀️,128115,#c9a67e
👳🏾‍♀️,128115,#b48f66
👳🏿‍♀️,128115,#917e64
👲,128114,#c19335
👲🏻,128114,#e0bc84
👲🏼,128114,#d3ac72
👲🏽,128114,#c3985e
👲🏾,128114,#b18349
👲🏿,128114,#927547
🧕,129493,#8b717c
🧕🏻,129493,#c5aaa1
🧕🏼,129493,#b99b8f
🧕🏽,129493,#aa887c
🧕🏾,129493,#997569
🧕🏿,129493,#7c6767
🤵,129333,#c2a356
🤵🏻,129333,#dfc292
🤵🏼,129333,#d3b37f
🤵🏽,129333,#c39f6c
🤵🏾,129333,#b28b58
🤵🏿,129333,#947d56
🤵‍♂️,129333,#c2a356
🤵🏻‍♂️,129333,#e8cba1
🤵🏼‍♂️,129333,#d8b88b
🤵🏽‍♂️,129333,#c49e72
🤵🏾‍♂️,129333,#ae8559
🤵🏿‍♂️,129333,#887356
🤵‍♀️,129333,#c2a356
🤵🏻‍♀️,129333,#e8cba1
🤵🏼‍♀️,129333,#d8b88b
🤵🏽‍♀️,129333,#c49e72
🤵🏾‍♀️,129333,#ae8559
🤵🏿‍♀️,129333,#887356
👰,128112,#d5ba78
👰🏻,128112,#e4c999
👰🏼,128112,#dabd8a
👰🏽,128112,#cdac7a
👰🏾,128112,#bf9c6a
👰🏿,128112,#a69068
👰‍♂️,128112,#d5ba78
👰🏻‍♂️,128112,#eacfa5
👰🏼‍♂️,128112,#dcbd91
👰🏽‍♂️,128112,#caa77b
👰🏾‍♂️,128112,#b79064
👰🏿‍♂️,128112,#958062
👰‍♀️,128112,#d5ba78
👰🏻‍♀️,128112,#eacfa5
👰🏼‍♀️,128112,#dcbd91
👰🏽‍♀️,128112,#caa77b
👰🏾‍♀️,128112,#b79064
👰🏿‍♀️,128112,#958062
🤰,129328,#ba847a
🤰🏻,129328,#deb8a4
🤰🏼,129328,#d1a791
🤰🏽,129328,#c0927c
🤰🏾,129328,#ad7d67
🤰🏿,129328,#8d6e64
🫃,129731,#939c95
🫃🏻,129731,#d1c3b0
🫃🏼,129731,#c3b29c
🫃🏽,129731,#b29c86
🫃🏾,129731,#9e8670
🫃🏿,129731,#7d766e
🫄,129732,#beac84
🫄🏻,129732,#e1c9a9
🫄🏼,129732,#d4b895
🫄🏽,129732,#c2a280
🫄🏾,129732,#af8c69
🫄🏿,129732,#8d7c67
🤱,129329,#b0996c
🤱🏻,129329,#d6bd9a
🤱🏼,129329,#caae88
🤱🏽,129329,#bb9a75
🤱🏾,129329,#aa8762
🤱🏿,129329,#8c7960
👩‍🍼,128105,#dcbe72
👩🏻‍🍼,128105,#eacd9a
👩🏼‍🍼,128105,#dfbf8a
👩🏽‍🍼,128105,#d1ad79
👩🏾‍🍼,128105,#c29c67
👩🏿‍🍼,128105,#a78f66
👨‍🍼,128104,#e1c578
👨🏻‍🍼,128104,#ecd09e
👨🏼‍🍼,128104,#e1c18d
👨🏽‍🍼,128104,#d2ae7b
👨🏾‍🍼,128104,#c19b68
👨🏿‍🍼,128104,#a58e66
🧑‍🍼,129489,#e0c67e
🧑🏻‍🍼,129489,#ecd0a2
🧑🏼‍🍼,129489,#e0c291
🧑🏽‍🍼,129489,#d1af7e
🧑🏾‍🍼,129489,#c19c6c
🧑🏿‍🍼,129489,#a48f6a
👼,128124,#e4c264
👼🏻,128124,#edcf92
👼🏼,128124,#e3c182
👼🏽,128124,#d4ae70
👼🏾,128124,#c49d5e
👼🏿,128124,#a9905c
🎅,127877,#d8b168
🎅🏻,127877,#e7c593
🎅🏼,127877,#dcb883
🎅🏽,127877,#cfa672
🎅🏾,127877,#bf9561
🎅🏿,127877,#a5885f
🤶,129334,#dabb81
🤶🏻,129334,#eacda4
🤶🏼,129334,#debd92
🤶🏽,129334,#cea97f
🤶🏾,129334,#bd966b
🤶🏿,129334,#9f8869
🧑‍🎄,129489,#beaf5c
🧑🏻‍🎄,129489,#dfca95
🧑🏼‍🎄,129489,#d3bb83
🧑🏽‍🎄,129489,#c3a770
🧑🏾‍🎄,129489,#b2935c
🧑🏿‍🎄,129489,#94855a
🦸,129464,#c4875f
🦸🏻,129464,#dfb392
🦸🏼,129464,#d3a581
🦸🏽,129464,#c4926e
🦸🏾,129464,#b47f5c
🦸🏿,129464,#98725a
🦸‍♂️,129464,#c4875f
🦸🏻‍♂️,129464,#e8c1a2
🦸🏼‍♂️,129464,#d9ae8c
🦸🏽‍♂️,129464,#c59574
🦸🏾‍♂️,129464,#b07d5b
🦸🏿‍♂️,129464,#8a6c59
🦸‍♀️,129464,#c4875f
🦸🏻‍♀️,129464,#e8c1a2
🦸🏼‍♀️,129464,#d9ae8c
🦸🏽‍♀️,129464,#c59574
🦸🏾‍♀️,129464,#b07d5b
🦸🏿‍♀️,129464,#8a6c59
🦹,129465,#9d7b5b
🦹🏻,129465,#c6a88a
🦹🏼,129465,#bc9b7b
🦹🏽,129465,#af8a6b
🦹🏾,129465,#a07a5a
🦹🏿,129465,#876e59
🦹‍♂️,129465,#9d7b5b
🦹🏻‍♂️,129465,#d5b79a
🦹🏼‍♂️,129465,#c7a685
🦹🏽‍♂️,129465,#b58f6f
🦹🏾‍♂️,129465,#a27859
🦹🏿‍♂️,129465,#7f6956
🦹‍♀️,129465,#9d7b5b
🦹🏻‍♀️,129465,#d5b79a
🦹🏼‍♀️,129465,#c7a685
🦹🏽‍♀️,129465,#b58f6f
🦹🏾‍♀️,129465,#a27859
🦹🏿‍♀️,129465,#7f6956
🧙,129497,#95875c
🧙🏻,129497,#cbb694
🧙🏼,129497,#bfa682
🧙🏽,129497,#af926e
🧙🏾,129497,#9e7e5b
🧙🏿,129497,#807059
🧙‍♂️,129497,#95875c
🧙🏻‍♂️,129497,#dcc2a4
🧙🏼‍♂️,129497,#ccae8c
🧙🏽‍♂️,129497,#b79473
🧙🏾‍♂️,129497,#a07a59
🧙🏿‍♂️,129497,#796756
🧙‍♀️,129497,#95875c
🧙🏻‍♀️,129497,#dcc2a4
🧙🏼‍♀️,129497,#ccae8c
🧙🏽‍♀️,129497,#b79473
🧙🏾‍♀️,129497,#a07a59
🧙🏿‍♀️,129497,#796756
🧚,129498,#b6d2a5
🧚🏻,129498,#dbd7b5
🧚🏼,129498,#cfc8a2
🧚🏽,129498,#beb38e
🧚🏾,129498,#ac9e79
🧚🏿,129498,#8d9077
🧚‍♂️,129498,#b6d2a5
🧚🏻‍♂️,129498,#e4d8b9
🧚🏼‍♂️,129498,#d4c4a1
🧚🏽‍♂️,129498,#bfaa88
🧚🏾‍♂️,129498,#a8906e
🧚🏿‍♂️,129498,#817d6b
🧚‍♀️,129498,#b6d2a5
🧚🏻‍♀️,129498,#e4d8b9
🧚🏼‍♀️,129498,#d4c4a1
🧚🏽‍♀️,129498,#bfaa88
🧚🏾‍♀️,129498,#a8906e
🧚🏿‍♀️,129498,#817d6b
🧛,129499,#8c7046
🧛🏻,129499,#c2a684
🧛🏼,129499,#b79873
🧛🏽,129499,#a98662
🧛🏾,129499,#997450
🧛🏿,129499,#7d674e
🧛‍♂️,129499,#8c7046
🧛🏻‍♂️,129499,#d2b798
🧛🏼‍♂️,129499,#c4a582
🧛🏽‍♂️,129499,#b18d6b
🧛🏾‍♂️,129499,#9c7553
🧛🏿‍♂️,129499,#786450
🧛‍♀️,129499,#8c7046
🧛🏻‍♀️,129499,#d2b798
🧛🏼‍♀️,129499,#c4a582
🧛🏽‍♀️,129499,#b18d6b
🧛🏾‍♀️,129499,#9c7553
🧛🏿‍♀️,129499,#786450
🧜,129500,#b0a9a8
🧜🏻,129500,#d9c6b6
🧜🏼,129500,#ccb6a3
🧜🏽,129500,#bca18f
🧜🏾,129500,#aa8d7a
🧜🏿,129500,#8a7e78
🧜‍♂️,129500,#b0a9a8
🧜🏻‍♂️,129500,#ddc6b2
🧜🏼‍♂️,129500,#ceb39c
🧜🏽‍♂️,129500,#ba9a84
🧜🏾‍♂️,129500,#a5816b
🧜🏿‍♂️,129500,#7f7068
🧜‍♀️,129500,#b0a9a8
🧜🏻‍♀️,129500,#ddc6b2
🧜🏼‍♀️,129500,#ceb39c
🧜🏽‍♀️,129500,#ba9a84
🧜🏾‍♀️,129500,#a5816b
🧜🏿‍♀️,129500,#7f7068
🧝,129501,#bdb870
🧝🏻,129501,#ddcc9d
🧝🏼,129501,#d1bc8b
🧝🏽,129501,#c1a877
🧝🏾,129501,#af9463
🧝🏿,129501,#918661
🧝‍♂️,129501,#bdb870
🧝🏻‍♂️,129501,#e6d1a9
🧝🏼‍♂️,129501,#d7be92
🧝🏽‍♂️,129501,#c3a47a
🧝🏾‍♂️,129501,#ac8b60
🧝🏿‍♂️,129501,#86795e
🧝‍♀️,129501,#bdb870
🧝🏻‍♀️,129501,#e6d1a9
🧝🏼‍♀️,129501,#d7be92
🧝🏽‍♀️,129501,#c3a47a
🧝🏾‍♀️,129501,#ac8b60
🧝🏿‍♀️,129501,#86795e
🧞,129502,#928aa9
🧞‍♂️,129502,#928aa9
🧞‍♀️,129502,#928aa9
🧟,129503,#7a8074
🧟‍♂️,129503,#7a8074
🧟‍♀️,129503,#7a8074
🧌,129484,#747161
💆,128134,#ddb555
💆🏻,128134,#eac98c
💆🏼,128134,#dfba7c
💆🏽,128134,#d0a86a
💆🏾,128134,#c09557
💆🏿,128134,#a48855
💆‍♂️,128134,#ddb555
💆🏻‍♂️,128134,#eecf9e
💆🏼‍♂️,128134,#e0bc88
💆🏽‍♂️,128134,#cca471
💆🏾‍♂️,128134,#b78c58
💆🏿‍♂️,128134,#927b56
💆‍♀️,128134,#ddb555
💆🏻‍♀️,128134,#eecf9e
💆🏼‍♀️,128134,#e0bc88
💆🏽‍♀️,128134,#cca471
💆🏾‍♀️,128134,#b78c58
💆🏿‍♀️,128134,#927b56
💇,128135,#d7b96f
💇🏻,128135,#e8cb9a
💇🏼,128135,#dcbd89
💇🏽,128135,#cdaa76
💇🏾,128135,#bd9763
💇🏿,128135,#a08a62
💇‍♂️,128135,#d7b96f
💇🏻‍♂️,128135,#f1d9bf
💇🏼‍♂️,128135,#e0c3a4
💇🏽‍♂️,128135,#c8a587
💇🏾‍♂️,128135,#af886a
💇🏿‍♂️,128135,#827367
💇‍♀️,128135,#d7b96f
💇🏻‍♀️,128135,#f1d9bf
💇🏼‍♀️,128135,#e0c3a4
💇🏽‍♀️,128135,#c8a587
💇🏾‍♀️,128135,#af886a
💇🏿‍♀️,128135,#827367
🚶,128694,#b1a799
🚶🏻,128694,#e6cfb7
🚶🏼,128694,#d5ba9e
🚶🏽,128694,#c09e84
🚶🏾,128694,#a88368
🚶🏿,128694,#7f7066
🚶‍♂️,128694,#b1a799
🚶🏻‍♂️,128694,#edd4ba
🚶🏼‍♂️,128694,#dbbc9e
🚶🏽‍♂️,128694,#c29d80
🚶🏾‍♂️,128694,#a77e61
🚶🏿‍♂️,128694,#78685e
🚶‍♀️,128694,#b1a799
🚶🏻‍♀️,128694,#edd4ba
🚶🏼‍♀️,128694,#dbbc9e
🚶🏽‍♀️,128694,#c29d80
🚶🏾‍♀️,128694,#a77e61
🚶🏿‍♀️,128694,#78685e
🚶‍➡️,128694,#8ea1b1
🚶🏻‍➡️,128694,#c7c1b9
🚶🏼‍➡️,128694,#bbb1a7
🚶🏽‍➡️,128694,#ab9d94
🚶🏾‍➡️,128694,#9a8a80
🚶🏿‍➡️,128694,#7c7c7e
🚶‍♀️‍➡️,128694,#8da0b0
🚶🏻‍♀️‍➡️,128694,#f6dbc0
🚶🏼‍♀️‍➡️,128694,#e1c0a0
🚶🏽‍♀️‍➡️,128694,#c49b7d
🚶🏾‍♀️‍➡️,128694,#a57859
🚶🏿‍♀️‍➡️,128694,#6f5f55
🚶‍♂️‍➡️,128694,#8da0b0
🚶🏻‍♂️‍➡️,128694,#f6dbc0
🚶🏼‍♂️‍➡️,128694,#e1c0a0
🚶🏽‍♂️‍➡️,128694,#c49b7d
🚶🏾‍♂️‍➡️,128694,#a57859
🚶🏿‍♂️‍➡️,128694,#6f5f55
🧍,129485,#cdbfa0
🧍🏻,129485,#ead3b7
🧍🏼,129485,#dbc0a0
🧍🏽,129485,#c7a687
🧍🏾,129485,#b08c6d
🧍🏿,129485,#8a7a6b
🧍‍♂️,129485,#cdbfa0
🧍🏻‍♂️,129485,#efd6ba
🧍🏼‍♂️,129485,#ddbfa0
🧍🏽‍♂️,129485,#c6a182
🧍🏾‍♂️,129485,#ab8465
🧍🏿‍♂️,129485,#7e6e62
🧍‍♀️,129485,#cdbfa0
🧍🏻‍♀️,129485,#efd6ba
🧍🏼‍♀️,129485,#ddbfa0
🧍🏽‍♀️,129485,#c6a182
🧍🏾‍♀️,129485,#ab8465
🧍🏿‍♀️,129485,#7e6e62
🧎,129486,#bbae91
🧎🏻,129486,#ead2b7
🧎🏼,129486,#d9bc9d
🧎🏽,129486,#c29f81
🧎🏾,129486,#a98364
🧎🏿,129486,#7e6f61
🧎‍♂️,129486,#bbae91
🧎🏻‍♂️,129486,#eed5ba
🧎🏼‍♂️,129486,#dbbd9e
🧎🏽‍♂️,129486,#c29d7f
🧎🏾‍♂️,129486,#a77e60
🧎🏿‍♂️,129486,#78685d
🧎‍♀️,129486,#bbae91
🧎🏻‍♀️,129486,#eed5ba
🧎🏼‍♀️,129486,#dbbd9e
🧎🏽‍♀️,129486,#c29d7f
🧎🏾‍♀️,129486,#a77e60
🧎🏿‍♀️,129486,#78685d
🧎‍➡️,129486,#8ea2b1
🧎🏻‍➡️,129486,#c7c1b8
🧎🏼‍➡️,129486,#bbb2a7
🧎🏽‍➡️,129486,#ac9e93
🧎🏾‍➡️,129486,#9a8a7f
🧎🏿‍➡️,129486,#7c7c7d
🧎‍♀️‍➡️,129486,#8da0af
🧎🏻‍♀️‍➡️,129486,#f6dbc0
🧎🏼‍♀️‍➡️,129486,#e1c0a0
🧎🏽‍♀️‍➡️,129486,#c49b7d
🧎🏾‍♀️‍➡️,129486,#a57859
🧎🏿‍♀️‍➡️,129486,#6f5f55
🧎‍♂️‍➡️,129486,#8da0af
🧎🏻‍♂️‍➡️,129486,#f6dbc0
🧎🏼‍♂️‍➡️,129486,#e1c0a0
🧎🏽‍♂️‍➡️,129486,#c49b7d
🧎🏾‍♂️‍➡️,129486,#a57859
🧎🏿‍♂️‍➡️,129486,#6f5f55
🧑‍🦯,129489,#e2bc60
🧑🏻‍🦯,129489,#f0d09d
🧑🏼‍🦯,129489,#e2be88
🧑🏽‍🦯,129489,#d0a772
🧑🏾‍🦯,129489,#bc915b
🧑🏿‍🦯,129489,#9a8059
🧑‍🦯‍➡️,129489,#b2ae91
🧑🏻‍🦯‍➡️,129489,#f1d8c1
🧑🏼‍🦯‍➡️,129489,#dec1a5
🧑🏽‍🦯‍➡️,129489,#c6a187
🧑🏾‍🦯‍➡️,129489,#ab8268
🧑🏿‍🦯‍➡️,129489,#7c6d65
👨‍🦯,128104,#e4bb56
👨🏻‍🦯,128104,#f0cf98
👨🏼‍🦯,128104,#e2be84
👨🏽‍🦯,128104,#d0a76d
👨🏾‍🦯,128104,#bc9057
👨🏿‍🦯,128104,#9a8054
👨‍🦯‍➡️,128104,#b3ad8c
👨🏻‍🦯‍➡️,128104,#f1d8c1
👨🏼‍🦯‍➡️,128104,#dec1a5
👨🏽‍🦯‍➡️,128104,#c6a187
👨🏾‍🦯‍➡️,128104,#ab8268
👨🏿‍🦯‍➡️,128104,#7c6d65
👩‍🦯,128105,#dcb254
👩🏻‍🦯,128105,#edcb94
👩🏼‍🦯,128105,#e0bb81
👩🏽‍🦯,128105,#d0a66c
👩🏾‍🦯,128105,#bd9157
👩🏿‍🦯,128105,#9d8255
👩‍🦯‍➡️,128105,#b5ac88
👩🏻‍🦯‍➡️,128105,#f1d8c1
👩🏼‍🦯‍➡️,128105,#dec1a5
👩🏽‍🦯‍➡️,128105,#c6a187
👩🏾‍🦯‍➡️,128105,#ab8268
👩🏿‍🦯‍➡️,128105,#7c6d65
🧑‍🦼,129489,#cead62
🧑🏻‍🦼,129489,#e9cb9a
🧑🏼‍🦼,129489,#dcba86
🧑🏽‍🦼,129489,#cba471
🧑🏾‍🦼,129489,#b88e5b
🧑🏿‍🦼,129489,#977f59
🧑‍🦼‍➡️,129489,#a8a38b
🧑🏻‍🦼‍➡️,129489,#dac5b1
🧑🏼‍🦼‍➡️,129489,#cbb19b
🧑🏽‍🦼‍➡️,129489,#b79782
🧑🏾‍🦼‍➡️,129489,#a17e69
🧑🏿‍🦼‍➡️,129489,#7a6d66
👨‍🦼,128104,#cfad5a
👨🏻‍🦼,128104,#e9ca96
👨🏼‍🦼,128104,#dcba82
👨🏽‍🦼,128104,#cba36d
👨🏾‍🦼,128104,#b88e57
👨🏿‍🦼,128104,#977f55
👨‍🦼‍➡️,128104,#a8a286
👨🏻‍🦼‍➡️,128104,#dac5b1
👨🏼‍🦼‍➡️,128104,#cbb19b
👨🏽‍🦼‍➡️,128104,#b79782
👨🏾‍🦼‍➡️,128104,#a17e69
👨🏿‍🦼‍➡️,128104,#7a6d66
👩‍🦼,128105,#cca757
👩🏻‍🦼,128105,#e7c792
👩🏼‍🦼,128105,#dbb77f
👩🏽‍🦼,128105,#cba36c
👩🏾‍🦼,128105,#b98f57
👩🏿‍🦼,128105,#9b8155
👩‍🦼‍➡️,128105,#aba283
👩🏻‍🦼‍➡️,128105,#dac5b1
👩🏼‍🦼‍➡️,128105,#cbb19b
👩🏽‍🦼‍➡️,128105,#b79782
👩🏾‍🦼‍➡️,128105,#a17e69
👩🏿‍🦼‍➡️,128105,#7a6d66
🧑‍🦽,129489,#cdae63
🧑🏻‍🦽,129489,#e8cb9b
🧑🏼‍🦽,129489,#dbba87
🧑🏽‍🦽,129489,#caa572
🧑🏾‍🦽,129489,#b78f5d
🧑🏿‍🦽,129489,#97805b
🧑‍🦽‍➡️,129489,#a7a48c
🧑🏻‍🦽‍➡️,129489,#d9c6b3
🧑🏼‍🦽‍➡️,129489,#cab29c
🧑🏽‍🦽‍➡️,129489,#b69883
🧑🏾‍🦽‍➡️,129489,#9f7f69
🧑🏿‍🦽‍➡️,129489,#796d67
👨‍🦽,128104,#ceae5b
👨🏻‍🦽,128104,#e8ca96
👨🏼‍🦽,128104,#dbba83
👨🏽‍🦽,128104,#caa46e
👨🏾‍🦽,128104,#b88f59
👨🏿‍🦽,128104,#978057
👨‍🦽‍➡️,128104,#a7a387
👨🏻‍🦽‍➡️,128104,#d9c6b3
👨🏼‍🦽‍➡️,128104,#cab29c
👨🏽‍🦽‍➡️,128104,#b69883
👨🏾‍🦽‍➡️,128104,#9f7f69
👨🏿‍🦽‍➡️,128104,#796d67
👩‍🦽,128105,#cba858
👩🏻‍🦽,128105,#e6c792
👩🏼‍🦽,128105,#dab880
👩🏽‍🦽,128105,#caa36d
👩🏾‍🦽,128105,#b99059
👩🏿‍🦽,128105,#9b8257
👩‍🦽‍➡️,128105,#aaa384
👩🏻‍🦽‍➡️,128105,#d9c6b3
👩🏼‍🦽‍➡️,128105,#cab29c
👩🏽‍🦽‍➡️,128105,#b69883
👩🏾‍🦽‍➡️,128105,#9f7f69
👩🏿‍🦽‍➡️,128105,#796d67
🏃,127939,#d4c4a3
🏃🏻,127939,#edd5b8
🏃🏼,127939,#ddc1a1
🏃🏽,127939,#c9a788
🏃🏾,127939,#b28d6e
🏃🏿,127939,#8b7b6b
🏃‍♂️,127939,#d4c4a3
🏃🏻‍♂️,127939,#f1d7bc
🏃🏼‍♂️,127939,#debf9f
🏃🏽‍♂️,127939,#c59f80
🏃🏾‍♂️,127939,#a97f60
🏃🏿‍♂️,127939,#79695d
🏃‍♀️,127939,#d4c4a3
🏃🏻‍♀️,127939,#f1d7bc
🏃🏼‍♀️,127939,#debf9f
🏃🏽‍♀️,127939,#c59f80
🏃🏾‍♀️,127939,#a97f60
🏃🏿‍♀️,127939,#79695d
🏃‍➡️,127939,#98a8b2
🏃🏻‍➡️,127939,#c9c2ba
🏃🏼‍➡️,127939,#bdb3a7
🏃🏽‍➡️,127939,#ad9f94
🏃🏾‍➡️,127939,#9b8b80
🏃🏿‍➡️,127939,#7d7c7e
🏃‍♀️‍➡️,127939,#8fa3b1
🏃🏻‍♀️‍➡️,127939,#f6dbc0
🏃🏼‍♀️‍➡️,127939,#e1c0a0
🏃🏽‍♀️‍➡️,127939,#c49b7d
🏃🏾‍♀️‍➡️,127939,#a57859
🏃🏿‍♀️‍➡️,127939,#6f5f55
🏃‍♂️‍➡️,127939,#8fa3b1
🏃🏻‍♂️‍➡️,127939,#f6dbc0
🏃🏼‍♂️‍➡️,127939,#e1c0a0
🏃🏽‍♂️‍➡️,127939,#c49b7d
🏃🏾‍♂️‍➡️,127939,#a57859
🏃🏿‍♂️‍➡️,127939,#6f5f55
💃,128131,#b06f54
💃🏻,128131,#d8ad92
💃🏼,128131,#cc9d7f
💃🏽,128131,#bc886b
💃🏾,128131,#aa7457
💃🏿,128131,#8b6655
🕺,128378,#9f7991
🕺🏻,128378,#d9bab0
🕺🏼,128378,#cba89b
🕺🏽,128378,#b89084
🕺🏾,128378,#a3786c
🕺🏿,128378,#7f6769
🕴️,128372,#857e73
🕴🏻,128372,#dec7af
🕴🏼,128372,#cdb196
🕴🏽,128372,#b7957b
🕴🏾,128372,#9e795f
🕴🏿,128372,#74655c
👯,128111,#c1ac79
👯‍♂️,128111,#c1ac79
👯‍♀️,128111,#c1ac79
🧖,129494,#e9dfbd
🧖🏻,129494,#efddbe
🧖🏼,129494,#e5d1b0
🧖🏽,129494,#d9c1a1
🧖🏾,129494,#cbb291
🧖🏿,129494,#b3a790
🧖‍♂️,129494,#e9dfbd
🧖🏻‍♂️,129494,#f1dcbe
🧖🏼‍♂️,129494,#e4cbaa
🧖🏽‍♂️,129494,#d3b595
🧖🏾‍♂️,129494,#bfa07f
🧖🏿‍♂️,129494,#9f917d
🧖‍♀️,129494,#e9dfbd
🧖🏻‍♀️,129494,#f1dcbe
🧖🏼‍♀️,129494,#e4cbaa
🧖🏽‍♀️,129494,#d3b595
🧖🏾‍♀️,129494,#bfa07f
🧖🏿‍♀️,129494,#9f917d
🧗,129495,#a19681
🧗🏻,129495,#cebba3
🧗🏼,129495,#c3ac91
🧗🏽,129495,#b4997f
🧗🏾,129495,#a3866c
🧗🏿,129495,#87796a
🧗‍♂️,129495,#a19681
🧗🏻‍♂️,129495,#e6d1b9
🧗🏼‍♂️,129495,#d6bca0
🧗🏽‍♂️,129495,#c1a086
🧗🏾‍♂️,129495,#a9856b
🧗🏿‍♂️,129495,#807268
🧗‍♀️,129495,#a19681
🧗🏻‍♀️,129495,#e6d1b9
🧗🏼‍♀️,129495,#d6bca0
🧗🏽‍♀️,129495,#c1a086
🧗🏾‍♀️,129495,#a9856b
🧗🏿‍♀️,129495,#807268
🤺,129338,#c1bcb7
🏇,127943,#94887f
🏇🏻,127943,#d6c0ab
🏇🏼,127943,#c8ad95
🏇🏽,127943,#b5957e
🏇🏾,127943,#9f7d66
🏇🏿,127943,#7b6c63
⛷️,9975,#a3a199
🏂,127938,#96847a
🏂🏻,127938,#cfb7a3
🏂🏼,127938,#c2a790
🏂🏽,127938,#b1927c
🏂🏾,127938,#9f7d67
🏂🏿,127938,#7f6e65
🏌️,127948,#bbb39e
🏌🏻,127948,#e4cfb5
🏌🏼,127948,#d5bc9f
🏌🏽,127948,#c1a387
🏌🏾,127948,#ac8a6e
🏌🏿,127948,#86796c
🏌️‍♂️,127948,#bbb39e
🏌🏻‍♂️,127948,#f1d8be
🏌🏼‍♂️,127948,#dec0a2
🏌🏽‍♂️,127948,#c6a184
🏌🏾‍♂️,127948,#ab8265
🏌🏿‍♂️,127948,#7c6c62
🏌️‍♀️,127948,#bbb39e
🏌🏻‍♀️,127948,#f1d8be
🏌🏼‍♀️,127948,#dec0a2
🏌🏽‍♀️,127948,#c6a184
🏌🏾‍♀️,127948,#ab8265
🏌🏿‍♀️,127948,#7c6c62
🏄,127940,#e3b678
🏄🏻,127940,#eecca2
🏄🏼,127940,#e2bc8f
🏄🏽,127940,#d1a67b
🏄🏾,127940,#bf9266
🏄🏿,127940,#9f8364
🏄‍♂️,127940,#e3b678
🏄🏻‍♂️,127940,#f1d1ab
🏄🏼‍♂️,127940,#e2bc94
🏄🏽‍♂️,127940,#cda27a
🏄🏾‍♂️,127940,#b68860
🏄🏿‍♂️,127940,#8e765e
🏄‍♀️,127940,#e3b678
🏄🏻‍♀️,127940,#f1d1ab
🏄🏼‍♀️,127940,#e2bc94
🏄🏽‍♀️,127940,#cda27a
🏄🏾‍♀️,127940,#b68860
🏄🏿‍♀️,127940,#8e765e
🚣,128675,#db8972
🚣🏻,128675,#eec1a8
🚣🏼,128675,#dfae91
🚣🏽,128675,#cb9679
🚣🏾,128675,#b67d61
🚣🏿,128675,#916c5e
🚣‍♂️,128675,#db8972
🚣🏻‍♂️,128675,#f1cbb2
🚣🏼‍♂️,128675,#dfb497
🚣🏽‍♂️,128675,#c7967a
🚣🏾‍♂️,128675,#ad795d
🚣🏿‍♂️,128675,#81645a
🚣‍♀️,128675,#db8972
🚣🏻‍♀️,128675,#f1cbb2
🚣🏼‍♀️,128675,#dfb497
🚣🏽‍♀️,128675,#c7967a
🚣🏾‍♀️,128675,#ad795d
🚣🏿‍♀️,128675,#81645a
🏊,127946,#dbd8c7
🏊🏻,127946,#ebdac3
🏊🏼,127946,#dfc9b0
🏊🏽,127946,#ceb49b
🏊🏾,127946,#bb9f86
🏊🏿,127946,#9c9184
🏊‍♂️,127946,#dbd8c7
🏊🏻‍♂️,127946,#f0dbc2
🏊🏼‍♂️,127946,#e0c7ab
🏊🏽‍♂️,127946,#ccad91
🏊🏾‍♂️,127946,#b59378
🏊🏿‍♂️,127946,#8e8175
🏊‍♀️,127946,#dbd8c7
🏊🏻‍♀️,127946,#f0dbc2
🏊🏼‍♀️,127946,#e0c7ab
🏊🏽‍♀️,127946,#ccad91
🏊🏾‍♀️,127946,#b59378
🏊🏿‍♀️,127946,#8e8175
⛹️,9977,#d0bc93
⛹🏻,9977,#e8cfaf
⛹🏼,9977,#dbbe9b
⛹🏽,9977,#c9a785
⛹🏾,9977,#b5916f
⛹🏿,9977,#93816c
⛹️‍♂️,9977,#d0bc93
⛹🏻‍♂️,9977,#edd4b9
⛹🏼‍♂️,9977,#dcbfa0
⛹🏽‍♂️,9977,#c5a284
⛹🏾‍♂️,9977,#ad8768
⛹🏿‍♂️,9977,#827366
⛹️‍♀️,9977,#d0bc93
⛹🏻‍♀️,9977,#edd4b9
⛹🏼‍♀️,9977,#dcbfa0
⛹🏽‍♀️,9977,#c5a284
⛹🏾‍♀️,9977,#ad8768
⛹🏿‍♀️,9977,#827366
🏋️,127947,#aba287
🏋🏻,127947,#d6c3a8
🏋🏼,127947,#cab395
🏋🏽,127947,#ba9e81
🏋🏾,127947,#a88a6d
🏋🏿,127947,#897b6a
🏋️‍♂️,127947,#aba287
🏋🏻‍♂️,127947,#e2ccb1
🏋🏼‍♂️,127947,#d3b899
🏋🏽‍♂️,127947,#be9e80
🏋🏾‍♂️,127947,#a78466
🏋🏿‍♂️,127947,#807163
🏋️‍♀️,127947,#aba287
🏋🏻‍♀️,127947,#e2ccb1
🏋🏼‍♀️,127947,#d3b899
🏋🏽‍♀️,127947,#be9e80
🏋🏾‍♀️,127947,#a78466
🏋🏿‍♀️,127947,#807163
🚴,128692,#b9b3a1
🚴🏻,128692,#dac9b2
🚴🏼,128692,#cebaa0
🚴🏽,128692,#bfa68d
🚴🏾,128692,#ae937a
🚴🏿,128692,#918578
🚴‍♂️,128692,#b9b3a1
🚴🏻‍♂️,128692,#e3ceb5
🚴🏼‍♂️,128692,#d3ba9e
🚴🏽‍♂️,128692,#bfa085
🚴🏾‍♂️,128692,#a8866b
🚴🏿‍♂️,128692,#817469
🚴‍♀️,128692,#b9b3a1
🚴🏻‍♀️,128692,#e3ceb5
🚴🏼‍♀️,128692,#d3ba9e
🚴🏽‍♀️,128692,#bfa085
🚴🏾‍♀️,128692,#a8866b
🚴🏿‍♀️,128692,#817469
🚵,128693,#948b79
🚵🏻,128693,#c0af99
🚵🏼,128693,#b6a38a
🚵🏽,128693,#aa927b
🚵🏾,128693,#9c836b
🚵🏿,128693,#847769
🚵‍♂️,128693,#948b79
🚵🏻‍♂️,128693,#cebaa2
🚵🏼‍♂️,128693,#c1a98e
🚵🏽‍♂️,128693,#b09378
🚵🏾‍♂️,128693,#9d7d63
🚵🏿‍♂️,128693,#7b6e60
🚵‍♀️,128693,#948b79
🚵🏻‍♀️,128693,#cebaa2
🚵🏼‍♀️,128693,#c1a98e
🚵🏽‍♀️,128693,#b09378
🚵🏾‍♀️,128693,#9d7d63
🚵🏿‍♀️,128693,#7b6e60
🤸,129336,#dccba1
🤸🏻,129336,#f0d7b8
🤸🏼,129336,#e0c2a0
🤸🏽,129336,#caa886
🤸🏾,129336,#b38d6c
🤸🏿,129336,#8b7a69
🤸‍♂️,129336,#dccba1
🤸🏻‍♂️,129336,#f0d7b8
🤸🏼‍♂️,129336,#dfc19e
🤸🏽‍♂️,129336,#c8a482
🤸🏾‍♂️,129336,#af8766
🤸🏿‍♂️,129336,#847363
🤸‍♀️,129336,#dccba1
🤸🏻‍♀️,129336,#f0d7b8
🤸🏼‍♀️,129336,#dfc19e
🤸🏽‍♀️,129336,#c8a482
🤸🏾‍♀️,129336,#af8766
🤸🏿‍♀️,129336,#847363
🤼,129340,#cbac7b
🤼‍♂️,129340,#cbac7b
🤼‍♀️,129340,#cbac7b
🤽,129341,#d3c094
🤽🏻,129341,#e9d1b0
🤽🏼,129341,#dcc09b
🤽🏽,129341,#caa985
🤽🏾,129341,#b6926f
🤽🏿,129341,#94826c
🤽‍♂️,129341,#d3c094
🤽🏻‍♂️,129341,#efd6b9
🤽🏼‍♂️,129341,#dec09f
🤽🏽‍♂️,129341,#c7a384
🤽🏾‍♂️,129341,#af8768
🤽🏿‍♂️,129341,#847365
🤽‍♀️,129341,#d3c094
🤽🏻‍♀️,129341,#efd6b9
🤽🏼‍♀️,129341,#dec09f
🤽🏽‍♀️,129341,#c7a384
🤽🏾‍♀️,129341,#af8768
🤽🏿‍♀️,129341,#847365
🤾,129342,#d1c5a9
🤾🏻,129342,#e9d3b8
🤾🏼,129342,#dbc2a3
🤾🏽,129342,#c9aa8c
🤾🏾,129342,#b49375
🤾🏿,129342,#918373
🤾‍♂️,129342,#d1c5a9
🤾🏻‍♂️,129342,#efd7ba
🤾🏼‍♂️,129342,#dfc2a1
🤾🏽‍♂️,129342,#c9a686
🤾🏾‍♂️,129342,#b08a6a
🤾🏿‍♂️,129342,#867768
🤾‍♀️,129342,#d1c5a9
🤾🏻‍♀️,129342,#efd7ba
🤾🏼‍♀️,129342,#dfc2a1
🤾🏽‍♀️,129342,#c9a686
🤾🏾‍♀️,129342,#b08a6a
🤾🏿‍♀️,129342,#867768
🤹,129337,#b7a77a
🤹🏻,129337,#dac4a1
🤹🏼,129337,#ceb48f
🤹🏽,129337,#bea07b
🤹🏾,129337,#ad8d68
🤹🏿,129337,#8f7f66
🤹‍♂️,129337,#b7a77a
🤹🏻‍♂️,129337,#e4cbad
🤹🏼‍♂️,129337,#d5b796
🤹🏽‍♂️,129337,#c19e7d
🤹🏾‍♂️,129337,#ab8464
🤹🏿‍♂️,129337,#847261
🤹‍♀️,129337,#b7a77a
🤹🏻‍♀️,129337,#e4cbad
🤹🏼‍♀️,129337,#d5b796
🤹🏽‍♀️,129337,#c19e7d
🤹🏾‍♀️,129337,#ab8464
🤹🏿‍♀️,129337,#847261
🧘,129496,#e0c074
🧘🏻,129496,#edd0a1
🧘🏼,129496,#e1c08e
🧘🏽,129496,#d0aa79
🧘🏾,129496,#bd9564
🧘🏿,129496,#9d8662
🧘‍♂️,129496,#e0c074
🧘🏻‍♂️,129496,#f1d4ac
🧘🏼‍♂️,129496,#e1c094
🧘🏽‍♂️,129496,#cca57b
🧘🏾‍♂️,129496,#b48b60
🧘🏿‍♂️,129496,#8c785d
🧘‍♀️,129496,#e0c074
🧘🏻‍♀️,129496,#f1d4ac
🧘🏼‍♀️,129496,#e1c094
🧘🏽‍♀️,129496,#cca57b
🧘🏾‍♀️,129496,#b48b60
🧘🏿‍♀️,129496,#8c785d
🛀,128704,#c9ccc2
🛀🏻,128704,#e2d4c1
🛀🏼,128704,#d6c5af
🛀🏽,128704,#c6b19b
🛀🏾,128704,#b59d87
🛀🏿,128704,#978f85
🛌,128716,#a19898
🛌🏻,128716,#d2beaf
🛌🏼,128716,#c5af9c
🛌🏽,128716,#b59a88
🛌🏾,128716,#a38674
🛌🏿,128716,#857772
🧑‍🤝‍🧑,129489,#eabd4e
🧑🏻‍🤝‍🧑🏻,129489,#efc76f
🧑🏻‍🤝‍🧑🏼,129489,#efc76f
🧑🏻‍🤝‍🧑🏽,129489,#efc76f
🧑🏻‍🤝‍🧑🏾,129489,#efc76f
🧑🏻‍🤝‍🧑🏿,129489,#efc76f
🧑🏼‍🤝‍🧑🏻,129489,#e8bf66
🧑🏼‍🤝‍🧑🏼,129489,#e8bf66
🧑🏼‍🤝‍🧑🏽,129489,#e8bf66
🧑🏼‍🤝‍🧑🏾,129489,#e8bf66
🧑🏼‍🤝‍🧑🏿,129489,#e8bf66
🧑🏽‍🤝‍🧑🏻,129489,#e0b45b
🧑🏽‍🤝‍🧑🏼,129489,#e0b45b
🧑🏽‍🤝‍🧑🏽,129489,#e0b45b
🧑🏽‍🤝‍🧑🏾,129489,#e0b45b
🧑🏽‍🤝‍🧑🏿,129489,#e0b45b
🧑🏾‍🤝‍🧑🏻,129489,#d6aa51
🧑🏾‍🤝‍🧑🏼,129489,#d6aa51
🧑🏾‍🤝‍🧑🏽,129489,#d6aa51
🧑🏾‍🤝‍🧑🏾,129489,#d6aa51
🧑🏾‍🤝‍🧑🏿,129489,#d6aa51
🧑🏿‍🤝‍🧑🏻,129489,#c6a250
🧑🏿‍🤝‍🧑🏼,129489,#c6a250
🧑🏿‍🤝‍🧑🏽,129489,#c6a250
🧑🏿‍🤝‍🧑🏾,129489,#c6a250
🧑🏿‍🤝‍🧑🏿,129489,#c6a250
👭,128109,#d2b284
👭🏻,128109,#e6c8a5
👩🏻‍🤝‍👩🏼,128105,#ebc268
👩🏻‍🤝‍👩🏽,128105,#ebc268
👩🏻‍🤝‍👩🏾,128105,#ebc268
👩🏻‍🤝‍👩🏿,128105,#ebc268
👩🏼‍🤝‍👩🏻,128105,#e5ba5f
👭🏼,128109,#dab993
👩🏼‍🤝‍👩🏽,128105,#e5ba5f
👩🏼‍🤝‍👩🏾,128105,#e5ba5f
👩🏼‍🤝‍👩🏿,128105,#e5ba5f
👩🏽‍🤝‍👩🏻,128105,#ddb056
👩🏽‍🤝‍👩🏼,128105,#ddb056
👭🏽,128109,#cba680
👩🏽‍🤝‍👩🏾,128105,#ddb056
👩🏽‍🤝‍👩🏿,128105,#ddb056
👩🏾‍🤝‍👩🏻,128105,#d4a64c
👩🏾‍🤝‍👩🏼,128105,#d4a64c
👩🏾‍🤝‍👩🏽,128105,#d4a64c
👭🏾,128109,#ba926d
👩🏾‍🤝‍👩🏿,128105,#d4a64c
👩🏿‍🤝‍👩🏻,128105,#c59f4b
👩🏿‍🤝‍👩🏼,128105,#c59f4b
👩🏿‍🤝‍👩🏽,128105,#c59f4b
👩🏿‍🤝‍👩🏾,128105,#c59f4b
👭🏿,128109,#9c846b
👫,128107,#c3a880
👫🏻,128107,#dfc4a3
👩🏻‍🤝‍👨🏼,128105,#efc76c
👩🏻‍🤝‍👨🏽,128105,#efc76c
👩🏻‍🤝‍👨🏾,128105,#efc76c
👩🏻‍🤝‍👨🏿,128105,#efc76c
👩🏼‍🤝‍👨🏻,128105,#e9bf63
👫🏼,128107,#d3b591
👩🏼‍🤝‍👨🏽,128105,#e9bf63
👩🏼‍🤝‍👨🏾,128105,#e9bf63
👩🏼‍🤝‍👨🏿,128105,#e9bf63
👩🏽‍🤝‍👨🏻,128105,#e1b458
👩🏽‍🤝‍👨🏼,128105,#e1b458
👫🏽,128107,#c4a17e
👩🏽‍🤝‍👨🏾,128105,#e1b458
👩🏽‍🤝‍👨🏿,128105,#e1b458
👩🏾‍🤝‍👨🏻,128105,#d7aa4e
👩🏾‍🤝‍👨🏼,128105,#d7aa4e
👩🏾‍🤝‍👨🏽,128105,#d7aa4e
👫🏾,128107,#b38e6b
👩🏾‍🤝‍👨🏿,128105,#d7aa4e
👩🏿‍🤝‍👨🏻,128105,#c7a24d
👩🏿‍🤝‍👨🏼,128105,#c7a24d
👩🏿‍🤝‍👨🏽,128105,#c7a24d
👩🏿‍🤝‍👨🏾,128105,#c7a24d
👫🏿,128107,#958069
👬,128108,#b99f7e
👬🏻,128108,#dac0a2
👨🏻‍🤝‍👨🏼,128104,#efc76c
👨🏻‍🤝‍👨🏽,128104,#efc76c
👨🏻‍🤝‍👨🏾,128104,#efc76c
👨🏻‍🤝‍👨🏿,128104,#efc76c
👨🏼‍🤝‍👨🏻,128104,#e9bf63
👬🏼,128108,#cfb191
👨🏼‍🤝‍👨🏽,128104,#e9bf63
👨🏼‍🤝‍👨🏾,128104,#e9bf63
👨🏼‍🤝‍👨🏿,128104,#e9bf63
👨🏽‍🤝‍👨🏻,128104,#e1b458
👨🏽‍🤝‍👨🏼,128104,#e1b458
👬🏽,128108,#bf9d7d
👨🏽‍🤝‍👨🏾,128104,#e1b458
👨🏽‍🤝‍👨🏿,128104,#e1b458
👨🏾‍🤝‍👨🏻,128104,#d7aa4e
👨🏾‍🤝‍👨🏼,128104,#d7aa4e
👨🏾‍🤝‍👨🏽,128104,#d7aa4e
👬🏾,128108,#ae8a6a
👨🏾‍🤝‍👨🏿,128104,#d7aa4e
👨🏿‍🤝‍👨🏻,128104,#c7a24d
👨🏿‍🤝‍👨🏼,128104,#c7a24d
👨🏿‍🤝‍👨🏽,128104,#c7a24d
👨🏿‍🤝‍👨🏾,128104,#c7a24d
👬🏿,128108,#907c68
💏,128143,#efae71
💏🏻,128143,#f3c497
💏🏼,128143,#e8b787
💏🏽,128143,#dba577
💏🏾,128143,#cb9465
💏🏿,128143,#b18864
🧑🏻‍❤️‍💋‍🧑🏼,129489,#ea635d
🧑🏻‍❤️‍💋‍🧑🏽,129489,#ea635d
🧑🏻‍❤️‍💋‍🧑🏾,129489,#ea635d
🧑🏻‍❤️‍💋‍🧑🏿,129489,#ea635d
🧑🏼‍❤️‍💋‍🧑🏻,129489,#ea635d
🧑🏼‍❤️‍💋‍🧑🏽,129489,#ea635d
🧑🏼‍❤️‍💋‍🧑🏾,129489,#ea635d
🧑🏼‍❤️‍💋‍🧑🏿,129489,#ea635d
🧑🏽‍❤️‍💋‍🧑🏻,129489,#ea635d
🧑🏽‍❤️‍💋‍🧑🏼,129489,#ea635d
🧑🏽‍❤️‍💋‍🧑🏾,129489,#ea635d
🧑🏽‍❤️‍💋‍🧑🏿,129489,#ea635d
🧑🏾‍❤️‍💋‍🧑🏻,129489,#ea635d
🧑🏾‍❤️‍💋‍🧑🏼,129489,#ea635d
🧑🏾‍❤️‍💋‍🧑🏽,129489,#ea635d
🧑🏾‍❤️‍💋‍🧑🏿,129489,#ea635d
🧑🏿‍❤️‍💋‍🧑🏻,129489,#ea635d
🧑🏿‍❤️‍💋‍🧑🏼,129489,#ea635d
🧑🏿‍❤️‍💋‍🧑🏽,129489,#ea635d
🧑🏿‍❤️‍💋‍🧑🏾,129489,#ea635d
👩‍❤️‍💋‍👨,128105,#ea635d
👩🏻‍❤️‍💋‍👨🏻,128105,#ea635d
👩🏻‍❤️‍💋‍👨🏼,128105,#ea635d
👩🏻‍❤️‍💋‍👨🏽,128105,#ea635d
👩🏻‍❤️‍💋‍👨🏾,128105,#ea635d
👩🏻‍❤️‍💋‍👨🏿,128105,#ea635d
👩🏼‍❤️‍💋‍👨🏻,128105,#ea635d
👩🏼‍❤️‍💋‍👨🏼,128105,#ea635d
👩🏼‍❤️‍💋‍👨🏽,128105,#ea635d
👩🏼‍❤️‍💋‍👨🏾,128105,#ea635d
👩🏼‍❤️‍💋‍👨🏿,128105,#ea635d
👩🏽‍❤️‍💋‍👨🏻,128105,#ea635d
👩🏽‍❤️‍💋‍👨🏼,128105,#ea635d
👩🏽‍❤️‍💋‍👨🏽,128105,#ea635d
👩🏽‍❤️‍💋‍👨🏾,128105,#ea635d
👩🏽‍❤️‍💋‍👨🏿,128105,#ea635d
👩🏾‍❤️‍💋‍👨🏻,128105,#ea635d
👩🏾‍❤️‍💋‍👨🏼,128105,#ea635d
👩🏾‍❤️‍💋‍👨🏽,128105,#ea635d
👩🏾‍❤️‍💋‍👨🏾,128105,#ea635d
👩🏾‍❤️‍💋‍👨🏿,128105,#ea635d
👩🏿‍❤️‍💋‍👨🏻,128105,#ea635d
👩🏿‍❤️‍💋‍👨🏼,128105,#ea635d
👩🏿‍❤️‍💋‍👨🏽,128105,#ea635d
👩🏿‍❤️‍💋‍👨🏾,128105,#ea635d
👩🏿‍❤️‍💋‍👨🏿,128105,#ea635d
👨‍❤️‍💋‍👨,128104,#ea635d
👨🏻‍❤️‍💋‍👨🏻,128104,#ea635d
👨🏻‍❤️‍💋‍👨🏼,128104,#ea635d
👨🏻‍❤️‍💋‍👨🏽,128104,#ea635d
👨🏻‍❤️‍💋‍👨🏾,128104,#ea635d
👨🏻‍❤️‍💋‍👨🏿,128104,#ea635d
👨🏼‍❤️‍💋‍👨🏻,128104,#ea635d
👨🏼‍❤️‍💋‍👨🏼,128104,#ea635d
👨🏼‍❤️‍💋‍👨🏽,128104,#ea635d
👨🏼‍❤️‍💋‍👨🏾,128104,#ea635d
👨🏼‍❤️‍💋‍👨🏿,128104,#ea635d
👨🏽‍❤️‍💋‍👨🏻,128104,#ea635d
👨🏽‍❤️‍💋‍👨🏼,128104,#ea635d
👨🏽‍❤️‍💋‍👨🏽,128104,#ea635d
👨🏽‍❤️‍💋‍👨🏾,128104,#ea635d
👨🏽‍❤️‍💋‍👨🏿,128104,#ea635d
👨🏾‍❤️‍💋‍👨🏻,128104,#ea635d
👨🏾‍❤️‍💋‍👨🏼,128104,#ea635d
👨🏾‍❤️‍💋‍👨🏽,128104,#ea635d
👨🏾‍❤️‍💋‍👨🏾,128104,#ea635d
👨🏾‍❤️‍💋‍👨🏿,128104,#ea635d
👨🏿‍❤️‍💋‍👨🏻,128104,#ea635d
👨🏿‍❤️‍💋‍👨🏼,128104,#ea635d
👨🏿‍❤️‍💋‍👨🏽,128104,#ea635d
👨🏿‍❤️‍💋‍👨🏾,128104,#ea635d
👨🏿‍❤️‍💋‍👨🏿,128104,#ea635d
👩‍❤️‍💋‍👩,128105,#ea635d
👩🏻‍❤️‍💋‍👩🏻,128105,#ea635d
👩🏻‍❤️‍💋‍👩🏼,128105,#ea635d
👩🏻‍❤️‍💋‍👩🏽,128105,#ea635d
👩🏻‍❤️‍💋‍👩🏾,128105,#ea635d
👩🏻‍❤️‍💋‍👩🏿,128105,#ea635d
👩🏼‍❤️‍💋‍👩🏻,128105,#ea635d
👩🏼‍❤️‍💋‍👩🏼,128105,#ea635d
👩🏼‍❤️‍💋‍👩🏽,128105,#ea635d
👩🏼‍❤️‍💋‍👩🏾,128105,#ea635d
👩🏼‍❤️‍💋‍👩🏿,128105,#ea635d
👩🏽‍❤️‍💋‍👩🏻,128105,#ea635d
👩🏽‍❤️‍💋‍👩🏼,128105,#ea635d
👩🏽‍❤️‍💋‍👩🏽,128105,#ea635d
👩🏽‍❤️‍💋‍👩🏾,128105,#ea635d
👩🏽‍❤️‍💋‍👩🏿,128105,#ea635d
👩🏾‍❤️‍💋‍👩🏻,128105,#ea635d
👩🏾‍❤️‍💋‍👩🏼,128105,#ea635d
👩🏾‍❤️‍💋‍👩🏽,128105,#ea635d
👩🏾‍❤️‍💋‍👩🏾,128105,#ea635d
👩🏾‍❤️‍💋‍👩🏿,128105,#ea635d
👩🏿‍❤️‍💋‍👩🏻,128105,#ea635d
👩🏿‍❤️‍💋‍👩🏼,128105,#ea635d
👩🏿‍❤️‍💋‍👩🏽,128105,#ea635d
👩🏿‍❤️‍💋‍👩🏾,128105,#ea635d
👩🏿‍❤️‍💋‍👩🏿,128105,#ea635d
💑,128145,#e2a570
💑🏻,128145,#ecbe95
💑🏼,128145,#e2b286
💑🏽,128145,#d4a176
💑🏾,128145,#c69065
💑🏿,128145,#ac8464
🧑🏻‍❤️‍🧑🏼,129489,#ef926b
🧑🏻‍❤️‍🧑🏽,129489,#ef926b
🧑🏻‍❤️‍🧑🏾,129489,#ef926b
🧑🏻‍❤️‍🧑🏿,129489,#ef926b
🧑🏼‍❤️‍🧑🏻,129489,#ea8b62
🧑🏼‍❤️‍🧑🏽,129489,#ea8b62
🧑🏼‍❤️‍🧑🏾,129489,#ea8b62
🧑🏼‍❤️‍🧑🏿,129489,#ea8b62
🧑🏽‍❤️‍🧑🏻,129489,#e28159
🧑🏽‍❤️‍🧑🏼,129489,#e28159
🧑🏽‍❤️‍🧑🏾,129489,#e28159
🧑🏽‍❤️‍🧑🏿,129489,#e28159
🧑🏾‍❤️‍🧑🏻,129489,#da7850
🧑🏾‍❤️‍🧑🏼,129489,#da7850
🧑🏾‍❤️‍🧑🏽,129489,#da7850
🧑🏾‍❤️‍🧑🏿,129489,#da7850
🧑🏿‍❤️‍🧑🏻,129489,#cc724f
🧑🏿‍❤️‍🧑🏼,129489,#cc724f
🧑🏿‍❤️‍🧑🏽,129489,#cc724f
🧑🏿‍❤️‍🧑🏾,129489,#cc724f
👩‍❤️‍👨,128105,#ea8b49
👩🏻‍❤️‍👨🏻,128105,#f09268
👩🏻‍❤️‍👨🏼,128105,#f09268
👩🏻‍❤️‍👨🏽,128105,#f09268
👩🏻‍❤️‍👨🏾,128105,#f09268
👩🏻‍❤️‍👨🏿,128105,#f09268
👩🏼‍❤️‍👨🏻,128105,#ea8b60
👩🏼‍❤️‍👨🏼,128105,#ea8b60
👩🏼‍❤️‍👨🏽,128105,#ea8b60
👩🏼‍❤️‍👨🏾,128105,#ea8b60
👩🏼‍❤️‍👨🏿,128105,#ea8b60
👩🏽‍❤️‍👨🏻,128105,#e38257
👩🏽‍❤️‍👨🏼,128105,#e38257
👩🏽‍❤️‍👨🏽,128105,#e38257
👩🏽‍❤️‍👨🏾,128105,#e38257
👩🏽‍❤️‍👨🏿,128105,#e38257
👩🏾‍❤️‍👨🏻,128105,#db794d
👩🏾‍❤️‍👨🏼,128105,#db794d
👩🏾‍❤️‍👨🏽,128105,#db794d
👩🏾‍❤️‍👨🏾,128105,#db794d
👩🏾‍❤️‍👨🏿,128105,#db794d
👩🏿‍❤️‍👨🏻,128105,#cd724c
👩🏿‍❤️‍👨🏼,128105,#cd724c
👩🏿‍❤️‍👨🏽,128105,#cd724c
👩🏿‍❤️‍👨🏾,128105,#cd724c
👩🏿‍❤️‍👨🏿,128105,#cd724c
👨‍❤️‍👨,128104,#ec8948
👨🏻‍❤️‍👨🏻,128104,#f09268
👨🏻‍❤️‍👨🏼,128104,#f09268
👨🏻‍❤️‍👨🏽,128104,#f09268
👨🏻‍❤️‍👨🏾,128104,#f09268
👨🏻‍❤️‍👨🏿,128104,#f09268
👨🏼‍❤️‍👨🏻,128104,#ea8b60
👨🏼‍❤️‍👨🏼,128104,#ea8b60
👨🏼‍❤️‍👨🏽,128104,#ea8b60
👨🏼‍❤️‍👨🏾,128104,#ea8b60
👨🏼‍❤️‍👨🏿,128104,#ea8b60
👨🏽‍❤️‍👨🏻,128104,#e38257
👨🏽‍❤️‍👨🏼,128104,#e38257
👨🏽‍❤️‍👨🏽,128104,#e38257
👨🏽‍❤️‍👨🏾,128104,#e38257
👨🏽‍❤️‍👨🏿,128104,#e38257
👨🏾‍❤️‍👨🏻,128104,#db794d
👨🏾‍❤️‍👨🏼,128104,#db794d
👨🏾‍❤️‍👨🏽,128104,#db794d
👨🏾‍❤️‍👨🏾,128104,#db794d
👨🏾‍❤️‍👨🏿,128104,#db794d
👨🏿‍❤️‍👨🏻,128104,#cd724c
👨🏿‍❤️‍👨🏼,128104,#cd724c
👨🏿‍❤️‍👨🏽,128104,#cd724c
👨🏿‍❤️‍👨🏾,128104,#cd724c
👨🏿‍❤️‍👨🏿,128104,#cd724c
👩‍❤️‍👩,128105,#e68948
👩🏻‍❤️‍👩🏻,128105,#ec9165
👩🏻‍❤️‍👩🏼,128105,#ec9165
👩🏻‍❤️‍👩🏽,128105,#ec9165
👩🏻‍❤️‍👩🏾,128105,#ec9165
👩🏻‍❤️‍👩🏿,128105,#ec9165
👩🏼‍❤️‍👩🏻,128105,#e68a5d
👩🏼‍❤️‍👩🏼,128105,#e68a5d
👩🏼‍❤️‍👩🏽,128105,#e68a5d
👩🏼‍❤️‍👩🏾,128105,#e68a5d
👩🏼‍❤️‍👩🏿,128105,#e68a5d
👩🏽‍❤️‍👩🏻,128105,#df8155
👩🏽‍❤️‍👩🏼,128105,#df8155
👩🏽‍❤️‍👩🏽,128105,#df8155
👩🏽‍❤️‍👩🏾,128105,#df8155
👩🏽‍❤️‍👩🏿,128105,#df8155
👩🏾‍❤️‍👩🏻,128105,#d8784c
👩🏾‍❤️‍👩🏼,128105,#d8784c
👩🏾‍❤️‍👩🏽,128105,#d8784c
👩🏾‍❤️‍👩🏾,128105,#d8784c
👩🏾‍❤️‍👩🏿,128105,#d8784c
👩🏿‍❤️‍👩🏻,128105,#cb724b
👩🏿‍❤️‍👩🏼,128105,#cb724b
👩🏿‍❤️‍👩🏽,128105,#cb724b
👩🏿‍❤️‍👩🏾,128105,#cb724b
👩🏿‍❤️‍👩🏿,128105,#cb724b
👨‍👩‍👦,128104,#e3b444
👨‍👩‍👧,128104,#e3b546
👨‍👩‍👧‍👦,128104,#e3b647
👨‍👩‍👦‍👦,128104,#e4b645
👨‍👩‍👧‍👧,128104,#e3b647
👨‍👨‍👦,128104,#e7b944
👨‍👨‍👧,128104,#e7ba45
👨‍👨‍👧‍👦,128104,#e8bb47
👨‍👨‍👦‍👦,128104,#e9bb45
👨‍👨‍👧‍👧,128104,#e8bb47
👩‍👩‍👦,128105,#e1b346
👩‍👩‍👧,128105,#e1b347
👩‍👩‍👧‍👦,128105,#e3b647
👩‍👩‍👦‍👦,128105,#e4b645
👩‍👩‍👧‍👧,128105,#e3b647
👨‍👦,128104,#e9bb45
👨‍👦‍👦,128104,#e9bb45
👨‍👧,128104,#e8bb47
👨‍👧‍👦,128104,#e9bb47
👨‍👧‍👧,128104,#e9bc48
👩‍👦,128105,#e4b645
👩‍👦‍👦,128105,#e7b946
👩‍👧,128105,#e3b647
👩‍👧‍👦,128105,#e7ba48
👩‍👧‍👧,128105,#e7ba49
🗣️,128483,#7593b0
👤,128100,#7595b1
👥,128101,#7999b4
🫂,129730,#698baa
👪,128106,#cab47c
🧑‍🧑‍🧒,129489,#e5b94f
🧑‍🧑‍🧒‍🧒,129489,#e4b94f
🧑‍🧒,129489,#e4b94f
🧑‍🧒‍🧒,129489,#e3b94e
👣,128099,#808080
🐵,128053,#c0a37e
🐒,128018,#c0a37e
🦍,129421,#7e7c7c
🦧,129447,#a66344
🐶,128054,#c7b096
🐕,128021,#c39e79
🦮,129454,#c8ae83
🐕‍🦺,128021,#c4885c
🐩,128041,#c6c6c6
🐺,128058,#868585
🦊,129418,#d0843b
🦝,129437,#8c8375
🐱,128049,#e0be54
🐈,128008,#d2bdaa
🐈‍⬛,128008,#625a53
🦁,129409,#ce943f
🐯,128047,#bfa840
🐅,128005,#bc9473
🐆,128006,#c2a57a
🐴,128052,#988762
🫎,129742,#a27f6b
🫏,129743,#a3a3a1
🐎,128014,#8a866b
🦄,129412,#cca1d9
🦓,129427,#8d8a87
🦌,129420,#bb9f86
🦬,129452,#7f6f66
🐮,128046,#cdc0b5
🐂,128002,#b08f77
🐃,128003,#797272
🐄,128004,#a9a4a2
🐷,128055,#daada4
🐖,128022,#e4c3af
🐗,128023,#7b6a5e
🐽,128061,#cb8b9a
🐏,128015,#c7c3b9
🐑,128017,#cac8c0
🐐,128016,#b0a08d
🐪,128042,#c4a282
🐫,128043,#c49d80
🦙,129433,#e3dac2
🦒,129426,#d2b182
🐘,128024,#9c9e9b
🦣,129443,#937a65
🦏,129423,#94918e
🦛,129435,#949392
🐭,128045,#c6bec4
🐁,128001,#ded7d8
🐀,128000,#a19991
🐹,128057,#ddb1a1
🐰,128048,#c7bcbd
🐇,128007,#d3d0d0
🐿️,128063,#a37e54
🦫,129451,#896d57
🦔,129428,#967d68
🦇,129415,#7b695d
🐻,128059,#8d6a4a
🐻‍❄️,128059,#a6a49b
🐨,128040,#978884
🐼,128060,#b1b1b1
🦥,129445,#75654c
🦦,129446,#8a7664
🦨,129448,#78756f
🦘,129432,#bfa283
🦡,129441,#8a8780
🐾,128062,#868686
🦃,129411,#94746e
🐔,128020,#ddb29c
🐓,128019,#d3c1bb
🐣,128035,#e3ca86
🐤,128036,#e4c24f
🐥,128037,#edc65d
🐦,128038,#98acae
🐧,128039,#877b6c
🕊️,128330,#cfcec8
🦅,129413,#7d7671
🦆,129414,#9c9287
🦢,129442,#cecbbc
🦉,129417,#9f8978
🦤,129444,#be9a7c
🪶,129718,#928775
🦩,129449,#efabad
🦚,129434,#739e7c
🦜,129436,#9ca258
🪽,129725,#cbd9df
🐦‍⬛,128038,#4c5353
🪿,129727,#d7cfc2
🐦‍🔥,128038,#c9a784
🐸,128056,#81a85a
🐊,128010,#7b977a
🐢,128034,#7f9b68
🦎,129422,#99bd90
🐍,128013,#9baa66
🐲,128050,#abb561
🐉,128009,#a8bc7e
🦕,129429,#6d9bae
🦖,129430,#7c9d4e
🐳,128051,#68b3ca
🐋,128011,#a3c1ce
🐬,128044,#7bc6d7
🦭,129453,#9f9e9c
🐟,128031,#8cabc7
🐠,128032,#a9ca90
🐡,128033,#d1ae72
🦈,129416,#9ba9ab
🐙,128025,#ba5e6d
🐚,128026,#beb4b4
🪸,129720,#d8a194
🪼,129724,#71bffd
🦀,129408,#de8a70
🦞,129438,#df8e78
🦐,129424,#e49574
🦑,129425,#cb7d6d
🦪,129450,#a69a89
🐌,128012,#b5926d
🦋,129419,#55a6cb
🐛,128027,#a1a060
🐜,128028,#7c7371
🐝,128029,#a69b62
🪲,129714,#8ca337
🐞,128030,#a2745f
🦗,129431,#a89885
🪳,129715,#b89a95
🕷️,128375,#a5a4a5
🕸️,128376,#ededed
🦂,129410,#cbad85
🦟,129439,#a79e95
🪰,129712,#ad8f72
🪱,129713,#dd8186
🦠,129440,#7cb45b
💐,128144,#b79966
🌸,127800,#f7accc
💮,128174,#fdbebe
🪷,129719,#b0a38b
🏵️,127989,#e3ac49
🌹,127801,#c14744
🥀,129344,#a27e6e
🌺,127802,#cd5763
🌻,127803,#bda338
🌼,127804,#e8c957
🌷,127799,#cf9387
🪻,129723,#6f6e99
🌱,127793,#99cb61
🪴,129716,#b9ac70
🌲,127794,#5e8a60
🌳,127795,#6d8d38
🌴,127796,#8caa5f
🌵,127797,#7aab57
🌾,127806,#d5cf96
🌿,127807,#97c576
☘️,9752,#86d959
🍀,127808,#8fd65f
🍁,127809,#ce7c4d
🍂,127810,#c6884e
🍃,127811,#a8c780
🪹,129721,#855c3d
🪺,129722,#877a64
🍄,127812,#e39386
🍇,127815,#a94f72
🍈,127816,#c7ca96
🍉,127817,#d38475
🍊,127818,#d89048
🍋,127819,#cab851
🍋‍🟩,127819,#63b932
🍌,127820,#ecd490
🍍,127821,#b19d60
🥭,129389,#ac9037
🍎,127822,#d05953
🍏,127823,#91bb57
🍐,127824,#b3b556
🍑,127825,#df865b
🍒,127826,#c1706c
🍓,127827,#c05b4f
🫐,129744,#6280b3
🥝,129373,#acb060
🍅,127813,#cb613d
🫒,129746,#7d7e35
🥥,129381,#b9ab98
🥑,129361,#bcb36e
🍆,127814,#917288
🥔,129364,#b68c5c
🥕,129365,#bd975a
🌽,127805,#a7a241
🌶️,127798,#cd6862
🫑,129745,#64833f
🥒,129362,#94be69
🥬,129388,#519b4e
🥦,129382,#668b4b
🧄,129476,#c0a596
🧅,129477,#d5a17b
🥜,129372,#b89255
🫘,129752,#9c5d59
🌰,127792,#8d4d33
🫚,129754,#cc9c6c
🫛,129755,#7d9a62
🍄‍🟫,127812,#aa6f57
🍞,127838,#d8b782
🥐,129360,#d6983f
🥖,129366,#e2b477
🫓,129747,#cbbea9
🥨,129384,#d49872
🥯,129391,#dbad7d
🥞,129374,#e4c087
🧇,129479,#e3b162
🧀,129472,#f3bd3e
🍖,127830,#c38369
🍗,127831,#b58564
🥩,129385,#cd655b
🥓,129363,#d58c6e
🍔,127828,#cc904e
🍟,127839,#dc814f
🍕,127829,#d4804a
🌭,127789,#da9e5c
🥪,129386,#dbb877
🌮,127790,#c3a452
🌯,127791,#b8ad9e
🫔,129748,#c99d50
🥙,129369,#a08e5d
🧆,129478,#8f7e62
🥚,129370,#dfdbd4
🍳,127859,#827d6e
🥘,129368,#9b784c
🍲,127858,#b9baa9
🫕,129749,#ac665c
🥣,129379,#91b1d9
🥗,129367,#9da66d
🍿,127871,#e39b89
🧈,129480,#e9d197
🧂,129474,#cccbca
🥫,129387,#cb887d
🍱,127857,#957257
🍘,127832,#957b41
🍙,127833,#a09f95
🍚,127834,#cdccc9
🍛,127835,#cbb097
🍜,127836,#e1cbb8
🍝,127837,#deb592
🍠,127840,#c37573
🍢,127842,#d1b89e
🍣,127843,#ea9f8d
🍤,127844,#eaa370
🍥,127845,#dfd4cd
🥮,129390,#cb722e
🍡,127841,#cbc19a
🥟,129375,#e1c194
🥠,129376,#c29d63
🥡,129377,#cdc7c8
🍦,127846,#e0cca2
🍧,127847,#cfbdbd
🍨,127848,#d5c9b5
🍩,127849,#9f7b62
🍪,127850,#bb8d58
🎂,127874,#dbcec8
🍰,127856,#e5c892
🧁,129473,#d3bd8c
🥧,129383,#e0a860
🍫,127851,#c45e58
🍬,127852,#c7c6db
🍭,127853,#b6b29b
🍮,127854,#d8b392
🍯,127855,#e5b95b
🍼,127868,#dad5bd
🥛,129371,#d7d5d1
☕,9749,#aaa59c
🫖,129750,#c9cfd2
🍵,127861,#afae9d
🍶,127862,#cdced1
🍾,127870,#9e9c75
🍷,127863,#c79492
🍸,127864,#cac8b8
🍹,127865,#ceae7e
🍺,127866,#cca87d
🍻,127867,#d5b589
🥂,129346,#ded0a5
🥃,129347,#c7a786
🫗,129751,#ddd6d7
🥤,129380,#d39d9d
🧋,129483,#c3a07b
🧃,129475,#7bb38a
🧉,129481,#7f5948
🧊,129482,#bbdef1
🥢,129378,#c49191
🍽️,127869,#d8dadd
🍴,127860,#c1c7cd
🥄,129348,#abb1b6
🔪,128298,#a3a4a4
🫙,129753,#d3d3d3
🏺,127994,#b08161
🌍,127757,#748f9c
🌎,127758,#6082a6
🌏,127759,#708ba0
🌐,127760,#99cfe3
🗺️,128506,#8bb8c1
🗾,128510,#7faddc
🧭,129517,#c7c3c6
🏔️,127956,#959f8d
⛰️,9968,#90957c
🌋,127755,#a88e7a
🗻,128507,#888f9b
🏕️,127957,#9b864f
🏖️,127958,#dbc99c
🏜️,127964,#cb945b
🏝️,127965,#bbd39f
🏞️,127966,#85b7ad
🏟️,127967,#b19080
🏛️,127963,#a39c85
🏗️,127959,#eddac2
🧱,129521,#994f39
🪨,129704,#6b6b66
🪵,129717,#92755f
🛖,128726,#7d6c58
🏘️,127960,#a9948a
🏚️,127962,#b69d7e
🏠,127968,#b99f8b
🏡,127969,#a8a87c
🏢,127970,#98a2a7
🏣,127971,#c4b3a0
🏤,127972,#b5a690
🏥,127973,#a89e9e
🏦,127974,#a9ac90
🏨,127976,#c5a896
🏩,127977,#c89aac
🏪,127978,#95a6a1
🏫,127979,#beb39b
🏬,127980,#8e939a
🏭,127981,#b99786
🏯,127983,#867f80
🏰,127984,#a09992
💒,128146,#c592ac
🗼,128508,#bb746e
🗽,128509,#8fbcb7
⛪,9962,#beb7b9
🕌,128332,#d4a984
🛕,128725,#c58566
🕍,128333,#b79977
⛩️,9961,#c27561
🕋,128331,#4a4740
⛲,9970,#acb8b7
⛺,9978,#e08056
🌁,127745,#cfd7e0
🌃,127747,#527892
🏙️,127961,#7a9ec0
🌄,127748,#977a7b
🌅,127749,#d5a077
🌆,127750,#b87e55
🌇,127751,#cf8d56
🌉,127753,#696162
♨️,9832,#ec7d7d
🎠,127904,#bfb0a2
🛝,128733,#7a8fc5
🎡,127905,#d2aeb6
🎢,127906,#b2ba97
💈,128136,#b092b9
🎪,127914,#d29289
🚂,128642,#a37f77
🚃,128643,#a7ae81
🚄,128644,#878f95
🚅,128645,#969da3
🚆,128646,#8497a9
🚇,128647,#686060
🚈,128648,#5c6c83
🚉,128649,#717a7b
🚊,128650,#6c7d7e
🚝,128669,#76808f
🚞,128670,#959d83
🚋,128651,#969c8e
🚌,128652,#a4a37e
🚍,128653,#848d84
🚎,128654,#7096ad
🚐,128656,#929f9e
🚑,128657,#a5949a
🚒,128658,#c36667
🚓,128659,#7a8587
🚔,128660,#7c868c
🚕,128661,#9f9356
🚖,128662,#98906d
🚗,128663,#b45c5b
🚘,128664,#9f6b6f
🚙,128665,#5491ab
🛻,128763,#5b8083
🚚,128666,#bd7e46
🚛,128667,#5a8b5d
🚜,128668,#8b864f
🏎️,127950,#a65354
🏍️,127949,#989a9a
🛵,128757,#b39c66
🦽,129469,#919192
🦼,129468,#968e8e
🛺,128762,#94a76c
🚲,128690,#b7bec6
🛴,128756,#979da2
🛹,128761,#7e7d68
🛼,128764,#a0bdc0
🚏,128655,#bebbc2
🛣️,128739,#8da77a
🛤️,128740,#786e4c
🛢️,128738,#a05b5b
⛽,9981,#c66e72
🛞,128734,#6b6d6e
🚨,128680,#db746a
🚥,128677,#75705c
🚦,128678,#6b6550
🛑,128721,#e15737
🚧,128679,#ac9a58
⚓,9875,#a6a7a9
🛟,128735,#ccb0a5
⛵,9973,#cc8e69
🛶,128758,#769260
🚤,128676,#c3a467
🛳️,128755,#bab9bc
⛴️,9972,#8a95b3
🛥️,128741,#a8b6be
🚢,128674,#b98f89
✈️,9992,#96bed0
🛩️,128745,#b2b9c0
🛫,128747,#90a1b4
🛬,128748,#94a6ba
🪂,129666,#d7a080
💺,128186,#858da6
🚁,128641,#c7a1a3
🚟,128671,#929991
🚠,128672,#998587
🚡,128673,#a29a6c
🛰️,128752,#727992
🚀,128640,#af887a
🛸,128760,#879999
🛎️,128718,#a28748
🧳,129523,#665142
⌛,8987,#ac9a8f
⏳,9203,#a9968a
⌚,8986,#585756
⏰,9200,#d2a7a8
⏱️,9201,#c7c7c9
⏲️,9202,#c8c8c7
🕰️,128368,#aa907c
🕛,128347,#cccdcf
🕧,128359,#cacbcd
🕐,128336,#cbcdce
🕜,128348,#c9cbcc
🕑,128337,#cbcccd
🕝,128349,#c8cacb
🕒,128338,#cacccd
🕞,128350,#c8c9cb
🕓,128339,#cacccd
🕟,128351,#c8cacb
🕔,128340,#cbcccd
🕠,128352,#c9cacc
🕕,128341,#cbccce
🕡,128353,#cacbcd
🕖,128342,#cbcccd
🕢,128354,#c9cacc
🕗,128343,#cacccd
🕣,128355,#c8cacb
🕘,128344,#cacccd
🕤,128356,#c8c9cb
🕙,128345,#cbcccd
🕥,128357,#c8cacb
🕚,128346,#cccdce
🕦,128358,#c9cbcc
🌑,127761,#3c495e
🌒,127762,#5e605a
🌓,127763,#958d5e
🌔,127764,#c9b855
🌕,127765,#f5d740
🌖,127766,#cdb94e
🌗,127767,#948959
🌘,127768,#5d5e54
🌙,127769,#f8dd77
🌚,127770,#606575
🌛,127771,#efd46c
🌜,127772,#efd56e
🌡️,127777,#d7a8ae
☀️,9728,#f7d372
🌝,127773,#f1d771
🌞,127774,#f4c25f
🪐,129680,#b9b18c
⭐,11088,#f8e095
🌟,127775,#fae499
🌠,127776,#7f978a
🌌,127756,#3d5066
☁️,9729,#e8ecef
⛅,9925,#eae9e0
⛈️,9928,#e3ecec
🌤️,127780,#f1e3b1
🌥️,127781,#e9ebe6
🌦️,127782,#e8e8d7
🌧️,127783,#dfeaf1
🌨️,127784,#e8eef3
🌩️,127785,#edefec
🌪️,127786,#bdbfc7
🌫️,127787,#d9d9de
🌬️,127788,#e5e8ed
🌀,127744,#5e9bec
🌈,127752,#b1956e
🌂,127746,#8a72aa
☂️,9730,#a363df
☔,9748,#9c9ae6
⛱️,9969,#e9b38d
⚡,9889,#fdda85
❄️,10052,#c2e8f9
☃️,9731,#b6bec2
⛄,9924,#abb2b5
☄️,9732,#f09e6b
🔥,128293,#fca35a
💧,128167,#74cef6
🌊,127754,#8cb0c5
🎃,127875,#dc9624
🎄,127876,#7c9c71
🎆,127878,#6e5477
🎇,127879,#9d7051
🧨,129512,#c6594c
✨,10024,#fde7a3
🎈,127880,#e8666c
🎉,127881,#d7b89b
🎊,127882,#e3bca6
🎋,127883,#b1a76d
🎍,127885,#aea768
🎎,127886,#90767c
🎏,127887,#b29c89
🎐,127888,#ced6e0
🎑,127889,#7e8486
🧧,129511,#cf3d38
🎀,127872,#df83a3
🎁,127873,#ca6f34
🎗️,127895,#f2ca54
🎟️,127903,#e87a86
🎫,127915,#c7c06e
🎖️,127894,#dd9b66
🏆,127942,#cb9f4c
🏅,127941,#d3af71
🥇,129351,#e3b54b
🥈,129352,#ada5ab
🥉,129353,#b26e49
⚽,9917,#b4b4b4
⚾,9918,#cabdb8
🥎,129358,#d3d241
🏀,127936,#ca7744
🏐,127952,#bfbfbf
🏈,127944,#bf8568
🏉,127945,#cd9a54
🎾,127934,#c8d946
🥏,129359,#5390c2
🎳,127923,#9d9693
🏏,127951,#d89d65
🏑,127953,#b9ad90
🏒,127954,#bea79d
🥍,129357,#b6bdc4
🏓,127955,#eb7562
🏸,127992,#d3c8ad
🥊,129354,#c55858
🥋,129355,#ccc9c8
🥅,129349,#dfc6c6
⛳,9971,#a4ad60
⛸️,9976,#b6b5b5
🎣,127907,#8599b0
🤿,129343,#a09180
🎽,127933,#2cabd7
🎿,127935,#8ea585
🛷,128759,#cd8887
🥌,129356,#916b6b
🎯,127919,#ba7c7c
🪀,129664,#6eb64c
🪁,129665,#8696c9
🔫,128299,#91e17b
🎱,127921,#606060
🔮,128302,#b173a4
🪄,129668,#c2bfae
🎮,127918,#5d5b55
🕹️,128377,#856467
🎰,127920,#b59c92
🎲,127922,#b9b8b8
🧩,129513,#a1d48b
🧸,129528,#b18b58
🪅,129669,#bab9a0
🪩,129705,#a6a8aa
🪆,129670,#af8047
♠️,9824,#484848
♥️,9829,#d04343
♦️,9830,#e44444
♣️,9827,#4f4f4f
♟️,9823,#535353
🃏,127183,#c6beb4
🀄,126980,#c7ac9b
🎴,127924,#8c6865
🎭,127917,#9c8f86
🖼️,128444,#b3bc62
🎨,127912,#c4a161
🧵,129525,#698488
🪡,129697,#c7d8e2
🧶,129526,#be6333
🪢,129698,#86526e
👓,128083,#929d99
🕶️,128374,#575958
🥽,129405,#d3d5d5
🥼,129404,#e1e3e4
🦺,129466,#c57a4a
👔,128084,#95afc8
👕,128085,#82b1da
👖,128086,#6b7db1
🧣,129507,#cb6764
🧤,129508,#4fbb89
🧥,129509,#d1ae6f
🧦,129510,#b0a08e
👗,128087,#56cdc0
👘,128088,#de9d3c
🥻,129403,#da8140
🩱,129649,#41a2a5
🩲,129650,#40953e
🩳,129651,#e2982e
👙,128089,#e29baa
👚,128090,#e9a4d2
🪭,129709,#c3515f
👛,128091,#e496b6
👜,128092,#b58f77
👝,128093,#b08d67
🛍️,128717,#eb8ea0
🎒,127890,#ca514d
🩴,129652,#7eb3ad
👞,128094,#966151
👟,128095,#b3b1af
🥾,129406,#77685a
🥿,129407,#50698a
👠,128096,#b65b51
👡,128097,#d1b69c
🩰,129648,#e1b29e
👢,128098,#c6a880
🪮,129710,#afb0b1
👑,128081,#bfa54b
👒,128082,#a5b672
🎩,127913,#5c5646
🎓,127891,#5f594e
🧢,129506,#5791eb
🪖,129686,#6a775e
⛑️,9937,#ba5b58
📿,128255,#c79d9f
💄,128132,#b56a66
💍,128141,#b2bcc3
💎,128142,#80c7f7
🔇,128263,#915f62
🔈,128264,#7b7e82
🔉,128265,#84898c
🔊,128266,#828a8e
📢,128226,#b4b6b7
📣,128227,#ac9346
📯,128239,#d9ad7c
🔔,128276,#b49848
🔕,128277,#bd7b40
🎼,127932,#b3b3b3
🎵,127925,#767679
🎶,127926,#8a8d90
🎙️,127897,#888e93
🎚️,127898,#95999b
🎛️,127899,#95999c
🎤,127908,#7e7f7f
🎧,127911,#cfcfd0
📻,128251,#a99c79
🎷,127927,#c4af6b
🪗,129687,#9d656e
🎸,127928,#da8985
🎹,127929,#929293
🎺,127930,#c2b47a
🎻,127931,#b49177
🪕,129685,#b7af99
🥁,129345,#c99789
🪘,129688,#a68562
🪇,129671,#a28b58
🪈,129672,#bb9d83
📱,128241,#4a504d
📲,128242,#4a5a62
☎️,9742,#cf5457
📞,128222,#707172
📟,128223,#4d8764
📠,128224,#b3afa7
🔋,128267,#7aa961
🪫,129707,#d0a0a0
🔌,128268,#5c5b56
💻,128187,#5d5d5d
🖥️,128421,#646464
🖨️,128424,#898b8e
⌨️,9000,#cccdce
🖱️,128433,#f1f2f3
🖲️,128434,#576379
💽,128189,#a59f8a
💾,128190,#9ea2a4
💿,128191,#c8c8c6
📀,128192,#ccbf99
🧮,129518,#b87b61
🎥,127909,#616266
🎞️,127902,#bcad92
📽️,128253,#8d9192
🎬,127916,#747373
📺,128250,#837e77
📷,128247,#727373
📸,128248,#867c6b
📹,128249,#7d8083
📼,128252,#6b6b6b
🔍,128269,#b8babd
🔎,128270,#bebfc2
🕯️,128367,#d4c7bb
💡,128161,#f1e8cb
🔦,128294,#8b8d8e
🏮,127982,#ba5830
🪔,129684,#b37260
📔,128212,#dbbf81
📕,128213,#b44d4b
📖,128214,#b8c1c9
📗,128215,#85a754
📘,128216,#4d85ae
📙,128217,#ca8e35
📚,128218,#96967c
📓,128211,#818181
📒,128210,#dec94e
📃,128195,#d0d0d0
📜,128220,#ba9d7d
📄,128196,#d2d2d2
📰,128240,#ababab
🗞️,128478,#a09f9e
📑,128209,#cfd0d2
🔖,128278,#e3d0ca
🏷️,127991,#f5d1a4
💰,128176,#b89e64
🪙,129689,#929697
💴,128180,#acab9b
💵,128181,#c7bf98
💶,128182,#b0c8b6
💷,128183,#bba8ab
💸,128184,#c1bca6
💳,128179,#bbb79b
🧾,129534,#dbdbdb
💹,128185,#38c43c
✉️,9993,#dddede
📧,128231,#cbd3db
📨,128232,#bdc5cb
📩,128233,#e0d4d3
📤,128228,#aab8d1
📥,128229,#aab7d1
📦,128230,#ab8765
📫,128235,#6b8ca3
📪,128234,#6f94aa
📬,128236,#7c838e
📭,128237,#6c7882
📮,128238,#d55656
🗳️,128499,#8bb8c1
✏️,9999,#dab664
✒️,10002,#86888b
🖋️,128395,#8f9396
🖊️,128394,#7f8386
🖌️,128396,#8687a2
🖍️,128397,#c55454
📝,128221,#dad2c1
💼,128188,#887062
📁,128193,#a7afb5
📂,128194,#a6afb6
🗂️,128450,#deb995
📅,128197,#c3abab
📆,128198,#bba4a4
🗒️,128466,#dbdee1
🗓️,128467,#d7caca
📇,128199,#a5a39d
📈,128200,#d1c8cf
📉,128201,#c0cfe0
📊,128202,#91abac
📋,128203,#c9c1b6
📌,128204,#cd686a
📍,128205,#d37674
📎,128206,#c1cad4
🖇️,128391,#c0c5ca
📏,128207,#b0c0d1
📐,128208,#b3c2d2
✂️,9986,#dbafb6
🗃️,128451,#767169
🗄️,128452,#797e80
🗑️,128465,#c5c8cc
🔒,128274,#bab891
🔓,128275,#bab791
🔏,128271,#8e8f81
🔐,128272,#c7b679
🔑,128273,#dfba4b
🗝️,128477,#989596
🔨,128296,#95979c
🪓,129683,#a86f62
⛏️,9935,#999a9c
⚒️,9874,#939395
🛠️,128736,#9d9fa4
🗡️,128481,#adafb3
⚔️,9876,#a4a5aa
💣,128163,#656663
🪃,129667,#c2927d
🏹,127993,#c7bbb6
🛡️,128737,#c59f99
🪚,129690,#bcb4a9
🔧,128295,#a9a9af
🪛,129691,#90cf82
🔩,128297,#9d9fa5
⚙️,9881,#a1a6ac
🗜️,128476,#919ca2
⚖️,9878,#c7cbcf
🦯,129455,#cfc7c7
🔗,128279,#b0b2b7
⛓️‍💥,9939,#d2afa1
⛓️,9939,#b3b6b9
🪝,129693,#b5a06f
🧰,129520,#ca5f5c
🧲,129522,#d95c5c
🪜,129692,#c3ad96
⚗️,9879,#b6ccd0
🧪,129514,#84c691
🧫,129515,#ba86a3
🧬,129516,#9699cb
🔬,128300,#9da8ae
🔭,128301,#c3c2c1
📡,128225,#b4b6bb
💉,128137,#c1c9cf
🩸,129656,#cb2b29
💊,128138,#db9d50
🩹,129657,#d8d8d8
🩼,129660,#bbbdbf
🩺,129658,#c7c7c7
🩻,129659,#5897b4
🚪,128682,#9f6b4e
🛗,128727,#5192de
🪞,129694,#d3d7d0
🪟,129695,#ccad9d
🛏️,128719,#9e9290
🛋️,128715,#9dbbd9
🪑,129681,#ba9582
🚽,128701,#dbdbda
🪠,129696,#c58b78
🚿,128703,#d6dedf
🛁,128705,#d0d4d6
🪤,129700,#e1bf94
🪒,129682,#b69588
🧴,129524,#eadbd0
🧷,129527,#b6c1cd
🧹,129529,#bca87f
🧺,129530,#907d6a
🧻,129531,#cdcbc4
🪣,129699,#4c8394
🧼,129532,#98dec0
🫧,129767,#eaecf2
🪥,129701,#a0d2e3
🧽,129533,#dacc44
🧯,129519,#b07a78
🛒,128722,#d8d7d7
🚬,128684,#d9d3cd
⚰️,9904,#95674a
🪦,129702,#83827f
⚱️,9905,#caa444
🧿,129535,#425fc7
🪬,129708,#5f749c
🗿,128511,#7d7d75
🪧,129703,#dddad6
🪪,129706,#cbc6ba
🏧,127975,#3774b8
🚮,128686,#88a2b9
🚰,128688,#b5bfc6
♿,9855,#378ae3
🚹,128697,#2782e3
🚺,128698,#aa5bc1
🚻,128699,#8aa3ba
🚼,128700,#fbaa2e
🚾,128702,#3a8ce4
🛂,128706,#3389e3
🛃,128707,#3489e3
🛄,128708,#3d8de3
🛅,128709,#3d8ee3
⚠️,9888,#ebc52e
🚸,128696,#bea42f
⛔,9940,#e88975
🚫,128683,#e06951
🚳,128691,#a45b4c
🚭,128685,#a45c4d
🚯,128687,#a75d50
🚱,128689,#ab5f4e
🚷,128695,#a95c4c
📵,128245,#9f5748
🔞,128286,#ad6455
☢️,9762,#fba839
☣️,9763,#faac46
⬆️,11014,#859fb7
↗️,8599,#849fb6
➡️,10145,#859fb7
↘️,8600,#849fb7
⬇️,11015,#849eb6
↙️,8601,#859fb7
⬅️,11013,#86a0b7
↖️,8598,#86a0b7
↕️,8597,#87a1b8
↔️,8596,#88a1b8
↩️,8617,#86a0b8
↪️,8618,#86a0b8
⤴️,10548,#86a0b8
⤵️,10549,#849fb7
🔃,128259,#8aa3ba
🔄,128260,#8da5bb
🔙,128281,#898989
🔚,128282,#858585
🔛,128283,#838383
🔜,128284,#888888
🔝,128285,#8c8c8c
🛐,128720,#aa5bc1
⚛️,9883,#b36ec6
🕉️,128329,#ae64c3
✡️,10017,#af64c3
☸️,9784,#b472c7
☯️,9775,#ad63c2
✝️,10013,#a855bf
☦️,9766,#ab5cc1
☪️,9770,#aa5cc1
☮️,9774,#b169c5
🕎,128334,#b470c7
🔯,128303,#af66c4
🪯,129711,#af6fbf
♈,9800,#ab5dc1
♉,9801,#ac5fc2
♊,9802,#ad60c2
♋,9803,#ad62c3
♌,9804,#ae62c3
♍,9805,#b067c4
♎,9806,#ae64c3
♏,9807,#ad61c2
♐,9808,#ad61c2
♑,9809,#ae63c3
♒,9810,#ad61c2
♓,9811,#ac5fc2
⛎,9934,#af65c3
🔀,128256,#8aa3ba
🔁,128257,#8aa3b9
🔂,128258,#8ca4ba
▶️,9654,#849fb7
⏩,9193,#87a1b8
⏭️,9197,#89a2b9
⏯️,9199,#89a2b9
◀️,9664,#859fb7
⏪,9194,#87a1b8
⏮️,9198,#89a3b9
🔼,128316,#839eb6
⏫,9195,#88a2b9
🔽,128317,#839eb6
⏬,9196,#859fb7
⏸️,9208,#85a0b7
⏹️,9209,#88a1b8
⏺️,9210,#859fb7
⏏️,9167,#88a2b9
🎦,127910,#8ca4ba
🔅,128261,#fad986
🔆,128262,#fad379
📶,128246,#8ba4bb
🛜,128732,#3375e6
📳,128243,#faac32
📴,128244,#f9b142
⚧️,9895,#87a0b7
✖️,10006,#727272
➕,10133,#6b6b6b
➖,10134,#636363
➗,10135,#7e7e7e
🟰,129008,#484848
♾️,9854,#a3a3a3
‼️,8252,#f05c4e
⁉️,8265,#ea6f53
❓,10067,#e75858
❔,10068,#efefef
❕,10069,#eaeaea
❗,10071,#e64c4c
〰️,12336,#8d8d8d
💱,128177,#9d9d9d
💲,128178,#848484
♻️,9851,#4eb955
⚜️,9884,#c9b478
🔱,128305,#dabb65
📛,128219,#ea9382
🔰,128304,#87ab55
⭕,11093,#eb403f
✅,9989,#29c12e
☑️,9745,#868686
✔️,10004,#727272
❌,10060,#ee2f2f
❎,10062,#2dc232
➰,10160,#929292
➿,10175,#969696
〽️,12349,#fed14e
✳️,10035,#3bc540
✴️,10036,#faad35
❇️,10055,#2ac12f
©️,169,#8e8e8e
®️,174,#8d8d8d
™️,8482,#868686
🔟,128287,#8ca5bb
🔠,128288,#8ca5bb
🔡,128289,#8aa3ba
🔢,128290,#89a2b9
🔣,128291,#89a3b9
🔤,128292,#86a0b8
🅰️,127344,#e74c3d
🆎,127374,#e75648
🅱️,127345,#e75142
🆑,127377,#e75041
🆒,127378,#8aa3ba
🆓,127379,#8da5bb
ℹ️,8505,#819db6
🆔,127380,#b26cc5
Ⓜ️,9410,#498df0
🆕,127381,#8aa4ba
🆖,127382,#8ba4ba
🅾️,127358,#e65243
🆗,127383,#8ba4ba
🅿️,127359,#2e85e3
🆘,127384,#e75547
🆙,127385,#8aa3ba
🆚,127386,#faad36
🈁,127489,#8aa3ba
🈂️,127490,#2e86e3
🈷️,127543,#fbb03d
🈶,127542,#fab03f
🈯,127535,#3fc543
🉐,127568,#f75b57
🈹,127545,#e76356
🈚,127514,#fab449
🈲,127538,#e7685b
🉑,127569,#faad46
🈸,127544,#fab040
🈴,127540,#e75a4c
🈳,127539,#3f8ee4
㊗️,12951,#f8504c
㊙️,12953,#f85551
🈺,127546,#f9b348
🈵,127541,#e76558
🔴,128308,#d73e3d
🟠,128992,#e6952a
🟡,128993,#fcd82a
🟢,128994,#26be26
🔵,128309,#2d72d2
🟣,128995,#b449f6
🟤,128996,#8d6244
⚫,9899,#2f2f2e
⚪,9898,#e0e0e0
🟥,128997,#d93b2c
🟧,128999,#ff9721
🟨,129000,#f7c71d
🟩,129001,#1eba1d
🟦,128998,#2270f3
🟪,129002,#c149ff
🟫,129003,#855637
⬛,11035,#242423
⬜,11036,#dadada
◼️,9724,#131313
◻️,9723,#dadada
◾,9726,#161616
◽,9725,#dbdbdb
▪️,9642,#343333
▫️,9643,#dbdbdb
🔶,128310,#fcab2b
🔷,128311,#2c82d0
🔸,128312,#fbaf38
🔹,128313,#3888d1
🔺,128314,#ef4e3d
🔻,128315,#f56151
💠,128160,#8fc7e4
🔘,128280,#999999
🔳,128307,#818180
🔲,128306,#7b7b7b
🏁,127937,#8f8f8f
🚩,128681,#c55858
🎌,127884,#dcc4c5
🏴,127988,#4f4f50
🏳️,127987,#d7d8d8
🏳️‍🌈,127987,#c4b6a1
🏳️‍⚧️,127987,#a5b5c4
🏴‍☠️,127988,#8a8b8c
🏴󠁧󠁢󠁥󠁮󠁧󠁿,127988,#4f4f50
🏴󠁧󠁢󠁳󠁣󠁴󠁿,127988,#4f4f50
🏴󠁧󠁢󠁷󠁬󠁳󠁿,127988,#4f4f50